scrape_date,departure_from,destination,travel_date,airline_name,stoppage,booking_before_days,duration_mins,ticket_price_bdt
01/30/25,DAC,JFK,02/01/25,"Biman, Cathay Pacific",2,2,1765,155764
01/30/25,DAC,JFK,02/01/25,"IndiGo, Turkish Airlines",2,2,2205,195170
01/30/25,DAC,JFK,02/01/25,Emirates,1,2,1435,298930
01/30/25,DAC,JFK,02/02/25,"Biman, Air Canada",2,3,1947,166526
01/30/25,DAC,JFK,02/02/25,"Biman, Etihad",2,3,1995,173291
01/30/25,DAC,JFK,02/02/25,"Biman, Cathay Pacific",2,3,1780,187609
01/30/25,DAC,JFK,02/02/25,Emirates,1,3,1435,250338
01/30/25,DAC,JFK,02/03/25,"Biman, Cathay Pacific",2,4,1780,177002
01/30/25,DAC,JFK,02/03/25,"Biman, Etihad",2,4,1590,177584
01/30/25,DAC,JFK,02/03/25,Ethiopian,2,4,1615,219998
01/30/25,DAC,JFK,02/04/25,"Biman, Etihad",2,5,1995,176070
01/30/25,DAC,JFK,02/04/25,Cathay Pacific,1,5,1325,194749
01/30/25,DAC,JFK,02/04/25,"IndiGo, Turkish Airlines",2,5,2205,199569
01/30/25,DAC,JFK,02/04/25,"Biman, Cathay Pacific",2,5,1765,202127
01/30/25,DAC,JFK,02/04/25,Saudia,1,5,1840,249152
01/30/25,DAC,JFK,02/05/25,"Biman, Cathay Pacific",2,6,1765,155764
01/30/25,DAC,JFK,02/05/25,"Biman, Etihad",2,6,1590,177584
01/30/25,DAC,JFK,02/05/25,Cathay Pacific,1,6,1325,184741
01/30/25,DAC,JFK,02/06/25,"Biman, Cathay Pacific",2,7,1765,155764
01/30/25,DAC,JFK,02/06/25,"Biman, Etihad",2,7,1910,174284
01/30/25,DAC,JFK,02/06/25,Saudia,1,7,1840,213158
01/30/25,DAC,JFK,02/06/25,Qatar Airways,1,7,1365,230288
01/30/25,DAC,JFK,02/07/25,"Biman, Etihad",2,8,1590,176778
01/30/25,DAC,JFK,02/07/25,Cathay Pacific,1,8,1325,185511
01/30/25,DAC,JFK,02/07/25,"Biman, Cathay Pacific",2,8,1765,187609
01/30/25,DAC,JFK,02/08/25,"Biman, Cathay Pacific",2,9,1765,155764
01/30/25,DAC,JFK,02/08/25,"Biman, Etihad",2,9,1995,173291
01/30/25,DAC,JFK,02/08/25,"IndiGo, Turkish Airlines",2,9,2205,197511
01/30/25,DAC,JFK,02/08/25,Saudia,1,9,1840,243153
01/30/25,DAC,JFK,02/08/25,Qatar Airways,1,9,1365,282719
01/30/25,DAC,JFK,02/09/25,"Biman, Air Canada",2,10,1947,173943
01/30/25,DAC,JFK,02/09/25,"Biman, Cathay Pacific",2,10,1780,187608
01/30/25,DAC,JFK,02/09/25,Cathay Pacific,1,10,1325,216585
01/30/25,DAC,JFK,02/09/25,Qatar Airways,1,10,1365,241926
01/30/25,DAC,JFK,02/10/25,"Biman, Cathay Pacific",2,11,1780,188279
01/30/25,DAC,JFK,02/10/25,Ethiopian,2,11,1615,219998
01/30/25,DAC,JFK,02/10/25,Qatar Airways,1,11,1365,272761
01/30/25,DAC,JFK,02/11/25,Cathay Pacific,1,12,1325,231103
01/30/25,DAC,JFK,02/11/25,Qatar Airways,1,12,1365,250925
01/30/25,DAC,JFK,02/12/25,"Biman, Cathay Pacific",2,13,1765,155764
01/30/25,DAC,JFK,02/12/25,Cathay Pacific,1,13,1325,159666
01/30/25,DAC,JFK,02/12/25,"Biman, Etihad",2,13,1590,167292
01/30/25,DAC,JFK,02/13/25,"Biman, Cathay Pacific",2,14,1765,155764
01/30/25,DAC,JFK,02/13/25,"Biman, Etihad",1,14,1765,173291
01/30/25,DAC,JFK,02/13/25,Qatar Airways,1,14,1365,230288
01/30/25,DAC,JFK,02/14/25,"Biman, Etihad",2,15,1590,159167
01/30/25,DAC,JFK,02/14/25,Cathay Pacific,1,15,1325,186894
01/30/25,DAC,JFK,02/14/25,Qatar Airways,1,15,1365,207972
01/30/25,DAC,JFK,02/15/25,"Biman, Cathay Pacific",2,16,1765,155764
01/30/25,DAC,JFK,02/15/25,Turkish Airlines,1,16,1400,205719
01/30/25,DAC,JFK,02/15/25,Saudia,1,16,1840,213158
01/30/25,DAC,JFK,02/15/25,Qatar Airways,1,16,1365,230288
01/30/25,DAC,JFK,02/16/25,"Biman, Etihad",2,17,1590,177584
01/30/25,DAC,JFK,02/16/25,"IndiGo, Turkish Airlines",2,17,2205,183759
01/30/25,DAC,JFK,02/16/25,Cathay Pacific,1,17,1325,185511
01/30/25,DAC,JFK,02/17/25,"Biman, Cathay Pacific",2,18,2165,157613
01/30/25,DAC,JFK,02/17/25,"Biman, Cathay Pacific",2,18,1780,163444
01/30/25,DAC,JFK,02/17/25,Ethiopian,2,18,1615,184844
01/30/25,DAC,JFK,02/18/25,"Biman, Etihad",1,19,1765,165166
01/30/25,DAC,JFK,02/18/25,Cathay Pacific,1,19,1325,185511
01/30/25,DAC,JFK,02/18/25,Qatar Airways,1,19,1360,203173
01/30/25,DAC,JFK,02/19/25,"China Eastern, Alaska",3,20,2579,151911
01/30/25,DAC,JFK,02/19/25,"Biman, Cathay Pacific",2,20,1765,155764
01/30/25,DAC,JFK,02/19/25,Cathay Pacific,1,20,1325,159666
01/30/25,DAC,JFK,02/19/25,"Biman, Etihad",2,20,1590,169459
01/30/25,DAC,JFK,02/19/25,Turkish Airlines,1,20,1580,205719
01/30/25,DAC,JFK,02/20/25,"Biman, Cathay Pacific",2,21,1765,155764
01/30/25,DAC,JFK,02/20/25,"Biman, Etihad",1,21,1765,173291
01/30/25,DAC,JFK,02/20/25,"IndiGo, Turkish Airlines",2,21,2205,185968
01/30/25,DAC,JFK,02/20/25,Saudia,1,21,1840,239794
01/30/25,DAC,JFK,02/20/25,Qatar Airways,1,21,1360,262083
01/30/25,DAC,JFK,02/21/25,Ethiopian,2,22,1615,201041
01/30/25,DAC,JFK,02/21/25,Qatar Airways,1,22,1365,210252
01/30/25,DAC,JFK,02/21/25,Cathay Pacific,1,22,1325,210586
01/30/25,DAC,JFK,02/22/25,"Biman, Cathay Pacific",2,23,1765,184919
01/30/25,DAC,JFK,02/22/25,"IndiGo, Turkish Airlines",2,23,2205,197846
01/30/25,DAC,JFK,02/22/25,"Biman, Etihad",1,23,1765,239822
01/30/25,DAC,JFK,02/22/25,Turkish Airlines,1,23,1335,293904
01/30/25,DAC,JFK,02/22/25,Qatar Airways,1,23,1360,300357
01/30/25,DAC,JFK,02/23/25,"China Eastern, Alaska",3,24,2579,149236
01/30/25,DAC,JFK,02/23/25,"IndiGo, Turkish Airlines",2,24,0,187074
01/30/25,DAC,JFK,02/23/25,"Biman, Etihad",2,24,1890,199454
01/30/25,DAC,JFK,02/23/25,Cathay Pacific,1,24,1325,210586
01/30/25,DAC,JFK,02/24/25,"Biman, Cathay Pacific",2,25,1940,156386
01/30/25,DAC,JFK,02/24/25,Ethiopian,2,25,1615,219998
01/30/25,DAC,JFK,02/24/25,Qatar Airways,1,25,1360,255124
01/30/25,DAC,JFK,02/25/25,"Biman, Etihad",1,26,1765,172485
01/30/25,DAC,JFK,02/25/25,Cathay Pacific,1,26,1325,216585
01/30/25,DAC,JFK,02/25/25,Qatar Airways,1,26,1360,232808
01/30/25,DAC,JFK,02/26/25,"China Eastern, Alaska",3,27,2579,150803
01/30/25,DAC,JFK,02/26/25,"Biman, Cathay Pacific",2,27,2150,157613
01/30/25,DAC,JFK,02/26/25,"Biman, Etihad",2,27,1995,165166
01/30/25,DAC,JFK,02/26/25,Cathay Pacific,1,27,1325,184741
01/30/25,DAC,JFK,02/26/25,Qatar Airways,1,27,1360,224289
01/30/25,DAC,JFK,02/27/25,"Biman, Cathay Pacific",2,28,1765,155764
01/30/25,DAC,JFK,02/27/25,"Biman, Etihad",1,28,1765,165166
01/30/25,DAC,JFK,02/27/25,Qatar Airways,1,28,1360,224649
01/30/25,DAC,JFK,02/28/25,"Qatar Airways, Royal Jordanian",2,29,2430,153467
01/30/25,DAC,JFK,02/28/25,Qatar Airways,1,29,1935,181456
01/30/25,DAC,JFK,02/28/25,Cathay Pacific,1,29,1325,185511
01/30/25,DAC,JFK,02/28/25,Qatar Airways,1,29,1365,186256
01/30/25,DAC,JFK,02/28/25,Turkish Airlines,1,29,1580,205719
01/30/25,DAC,JFK,03/01/25,"Biman, Cathay Pacific",2,30,1765,156844
01/30/25,DAC,JFK,03/01/25,"IndiGo, Turkish Airlines",2,30,0,176433
01/30/25,DAC,JFK,03/01/25,Turkish Airlines,1,30,1580,205719
01/30/25,DAC,JFK,03/01/25,Saudia,1,30,1840,220297
01/30/25,DAC,JFK,03/01/25,Qatar Airways,1,30,1360,255844
01/30/25,DAC,JFK,03/02/25,"IndiGo, Turkish Airlines",2,31,0,166978
01/30/25,DAC,JFK,03/02/25,Cathay Pacific,1,31,1325,173873
01/30/25,DAC,JFK,03/02/25,Qatar Airways,1,31,1365,199405
01/30/25,DAC,JFK,03/03/25,"Biman, Cathay Pacific",2,32,1765,156844
01/30/25,DAC,JFK,03/03/25,"Biman, Etihad",2,32,1590,166486
01/30/25,DAC,JFK,03/03/25,Ethiopian,2,32,1615,182204
01/30/25,DAC,JFK,03/03/25,Emirates,1,32,1470,207385
01/30/25,DAC,JFK,03/04/25,Cathay Pacific,1,33,1325,138280
01/30/25,DAC,JFK,03/04/25,Emirates,1,33,2000,166712
01/30/25,DAC,JFK,03/04/25,Qatar Airways,1,33,1360,181456
01/30/25,DAC,JFK,03/05/25,Cathay Pacific,1,34,1325,122112
01/30/25,DAC,JFK,03/05/25,Emirates,1,34,1810,153874
01/30/25,DAC,JFK,03/05/25,Emirates,1,34,1470,166712
01/30/25,DAC,JFK,03/06/25,Turkish Airlines,1,35,1580,161206
01/30/25,DAC,JFK,03/06/25,Emirates,1,35,1470,166712
01/30/25,DAC,JFK,03/06/25,Qatar Airways,1,35,1360,174737
01/30/25,DAC,JFK,03/07/25,Cathay Pacific,1,36,1325,138280
01/30/25,DAC,JFK,03/07/25,Emirates,2,36,1735,153874
01/30/25,DAC,JFK,03/07/25,Turkish Airlines,1,36,1335,163014
01/30/25,DAC,JFK,03/07/25,Qatar Airways,1,36,1365,164299
01/30/25,DAC,JFK,03/07/25,Emirates,1,36,1435,166712
01/30/25,DAC,JFK,03/08/25,Turkish Airlines,1,37,1580,145609
01/30/25,DAC,JFK,03/08/25,Turkish Airlines,1,37,1335,150416
01/30/25,DAC,JFK,03/08/25,Emirates,1,37,1445,169471
01/30/25,DAC,JFK,03/09/25,Cathay Pacific,1,38,1325,138280
01/30/25,DAC,JFK,03/09/25,Turkish Airlines,1,38,1580,145617
01/30/25,DAC,JFK,03/09/25,Emirates,1,38,1445,153874
01/30/25,DAC,JFK,03/10/25,Turkish Airlines,1,39,1580,145609
01/30/25,DAC,JFK,03/10/25,"Biman, Cathay Pacific",2,39,1705,149766
01/30/25,DAC,JFK,03/10/25,Emirates,2,39,1675,156633
01/30/25,DAC,JFK,03/10/25,Emirates,1,39,1445,156633
01/30/25,DAC,JFK,03/10/25,Qatar Airways,1,39,1350,183496
01/30/25,DAC,JFK,03/11/25,Emirates,1,40,1780,139956
01/30/25,DAC,JFK,03/11/25,Emirates,1,40,1445,145475
01/30/25,DAC,JFK,03/11/25,Turkish Airlines,1,40,1315,145609
01/30/25,DAC,JFK,03/11/25,Emirates,1,40,1405,153874
01/30/25,DAC,JFK,03/12/25,Cathay Pacific,1,41,1325,122112
01/30/25,DAC,JFK,03/12/25,Emirates,1,41,1405,145475
01/30/25,DAC,JFK,03/12/25,Turkish Airlines,1,41,1315,145609
01/30/25,DAC,JFK,03/13/25,Emirates,2,42,1675,139956
01/30/25,DAC,JFK,03/13/25,Turkish Airlines,1,42,1315,143809
01/30/25,DAC,JFK,03/13/25,Emirates,1,42,1405,145475
01/30/25,DAC,JFK,03/13/25,Emirates,1,42,1445,145475
01/30/25,DAC,JFK,03/14/25,Turkish Airlines,1,43,1315,145609
01/30/25,DAC,JFK,03/14/25,Emirates,1,43,1405,148235
01/30/25,DAC,JFK,03/14/25,Qatar Airways,1,43,1350,150741
01/30/25,DAC,JFK,03/15/25,Emirates,2,44,2050,139956
01/30/25,DAC,JFK,03/15/25,Emirates,1,44,1405,145475
01/30/25,DAC,JFK,03/15/25,Emirates,1,44,1445,145475
01/30/25,DAC,JFK,03/15/25,Turkish Airlines,1,44,1580,145609
01/30/25,DAC,JFK,03/15/25,Qatar Airways,1,44,1350,148102
01/30/25,DAC,JFK,03/16/25,Qatar Airways,1,45,1350,139103
01/30/25,DAC,JFK,03/16/25,Turkish Airlines,1,45,1315,145609
01/30/25,DAC,JFK,03/16/25,Emirates,1,45,1445,151114
01/30/25,DAC,JFK,03/17/25,Turkish Airlines,1,46,1315,145609
01/30/25,DAC,JFK,03/17/25,Qatar Airways,1,46,1350,159740
01/30/25,DAC,JFK,03/17/25,Emirates,1,46,1405,166712
01/30/25,DAC,JFK,03/18/25,Qatar Airways,1,47,1350,139103
01/30/25,DAC,JFK,03/18/25,Turkish Airlines,1,47,1315,145609
01/30/25,DAC,JFK,03/18/25,Emirates,1,47,1405,169471
01/30/25,DAC,JFK,03/19/25,Cathay Pacific,1,48,1325,122112
01/30/25,DAC,JFK,03/19/25,Qatar Airways,1,48,1350,148102
01/30/25,DAC,JFK,03/19/25,Turkish Airlines,1,48,1315,150416
01/30/25,DAC,JFK,03/20/25,Qatar Airways,1,49,1350,132936
01/30/25,DAC,JFK,03/20/25,Qatar Airways,1,49,2725,133248
01/30/25,DAC,JFK,03/20/25,Turkish Airlines,1,49,1315,143809
01/30/25,DAC,JFK,03/20/25,"Biman, Cathay Pacific",2,49,1705,149765
01/30/25,DAC,JFK,03/20/25,Emirates,1,49,1405,179550
01/30/25,DAC,JFK,03/21/25,Qatar Airways,1,50,1685,133704
01/30/25,DAC,JFK,03/21/25,Qatar Airways,1,50,1350,142175
01/30/25,DAC,JFK,03/21/25,Cathay Pacific,1,50,1325,147957
01/30/25,DAC,JFK,03/21/25,Turkish Airlines,1,50,1315,156167
01/30/25,DAC,JFK,03/22/25,Qatar Airways,1,51,2725,134016
01/30/25,DAC,JFK,03/22/25,Qatar Airways,1,51,1350,139103
01/30/25,DAC,JFK,03/22/25,Turkish Airlines,1,51,1315,156167
01/30/25,DAC,JFK,03/23/25,Qatar Airways,1,52,2725,134016
01/30/25,DAC,JFK,03/23/25,Qatar Airways,1,52,1350,139415
01/30/25,DAC,JFK,03/23/25,Turkish Airlines,1,52,1315,145609
01/30/25,DAC,JFK,03/24/25,Qatar Airways,1,53,1350,142175
01/30/25,DAC,JFK,03/24/25,Turkish Airlines,1,53,1315,145609
01/30/25,DAC,JFK,03/24/25,Emirates,1,53,1405,156678
01/30/25,DAC,JFK,03/25/25,Qatar Airways,1,54,2725,134016
01/30/25,DAC,JFK,03/25/25,Qatar Airways,1,54,1350,139103
01/30/25,DAC,JFK,03/25/25,Emirates,1,54,1405,142400
01/30/25,DAC,JFK,03/25/25,Emirates,1,54,1445,142400
01/30/25,DAC,JFK,03/25/25,Turkish Airlines,1,54,1315,145609
01/30/25,DAC,JFK,03/26/25,Cathay Pacific,1,55,1325,138280
01/30/25,DAC,JFK,03/26/25,Emirates,1,55,1405,142400
01/30/25,DAC,JFK,03/26/25,Emirates,1,55,1445,142400
01/30/25,DAC,JFK,03/26/25,Turkish Airlines,1,55,1315,145609
01/30/25,DAC,JFK,03/26/25,Qatar Airways,1,55,1350,148102
01/30/25,DAC,JFK,03/27/25,Qatar Airways,1,56,1350,139103
01/30/25,DAC,JFK,03/27/25,Emirates,1,56,1405,142400
01/30/25,DAC,JFK,03/27/25,Emirates,1,56,1445,142400
01/30/25,DAC,JFK,03/27/25,Turkish Airlines,1,56,1315,143809
01/30/25,DAC,JFK,03/28/25,Ethiopian,2,57,1615,139611
01/30/25,DAC,JFK,03/28/25,Qatar Airways,1,57,1350,141863
01/30/25,DAC,JFK,03/28/25,Emirates,2,57,1675,145279
01/30/25,DAC,JFK,03/28/25,Turkish Airlines,1,57,1315,145609
01/30/25,DAC,JFK,03/28/25,Emirates,1,57,1405,150918
01/30/25,DAC,JFK,03/29/25,Emirates,2,58,1675,142400
01/30/25,DAC,JFK,03/29/25,Emirates,1,58,1445,142564
01/30/25,DAC,JFK,03/29/25,Turkish Airlines,1,58,1580,145617
01/30/25,DAC,JFK,03/29/25,Emirates,1,58,1405,148039
01/30/25,DAC,JFK,03/29/25,Qatar Airways,1,58,1350,148102
01/30/25,DAC,JFK,03/30/25,Emirates,1,59,1405,142564
01/30/25,DAC,JFK,03/30/25,Emirates,1,59,1400,142564
01/30/25,DAC,JFK,03/30/25,Turkish Airlines,1,59,1285,145617
01/30/25,DAC,JFK,03/30/25,Qatar Airways,1,59,1330,148102
01/30/25,DAC,JFK,03/30/25,Qatar Airways,1,59,1295,148102
01/30/25,DAC,JFK,03/31/25,Ethiopian,2,60,1615,117100
01/30/25,DAC,JFK,03/31/25,Emirates,1,60,1365,145443
01/30/25,DAC,JFK,03/31/25,Emirates,1,60,1400,145443
01/30/25,DAC,JFK,03/31/25,Turkish Airlines,1,60,1285,145617
01/30/25,DAC,JFK,03/31/25,Qatar Airways,1,60,1295,150861
01/30/25,DAC,JFK,04/01/25,Emirates,1,61,1365,142564
01/30/25,DAC,JFK,04/01/25,Emirates,1,61,1400,142564
01/30/25,DAC,JFK,04/01/25,Turkish Airlines,1,61,1285,145617
01/30/25,DAC,JFK,04/01/25,Qatar Airways,1,61,1295,181456
01/30/25,DAC,JFK,04/02/25,Emirates,1,62,1955,142564
01/30/25,DAC,JFK,04/02/25,Emirates,1,62,1365,148203
01/30/25,DAC,JFK,04/02/25,Emirates,1,62,1400,148203
01/30/25,DAC,JFK,04/02/25,Turkish Airlines,1,62,1570,150416
01/30/25,DAC,JFK,04/03/25,Qatar Airways,1,63,1925,153261
01/30/25,DAC,JFK,04/03/25,Turkish Airlines,1,63,1285,161214
01/30/25,DAC,JFK,04/03/25,Emirates,1,63,1365,169919
01/30/25,DAC,JFK,04/04/25,Ethiopian,2,64,1610,131693
01/30/25,DAC,JFK,04/04/25,Turkish Airlines,1,64,1285,171172
01/30/25,DAC,JFK,04/04/25,Qatar Airways,1,64,1295,179897
01/30/25,DAC,JFK,04/04/25,Emirates,1,64,1365,182997
01/30/25,DAC,JFK,04/05/25,Turkish Airlines,1,65,1570,150408
01/30/25,DAC,JFK,04/05/25,Saudia,1,65,1810,167196
01/30/25,DAC,JFK,04/05/25,Emirates,1,65,1365,185757
01/30/25,DAC,JFK,04/06/25,Cathay Pacific,1,66,1265,140711
01/30/25,DAC,JFK,04/06/25,Turkish Airlines,1,66,1570,150416
01/30/25,DAC,JFK,04/06/25,Emirates,1,66,1400,169919
01/30/25,DAC,JFK,04/07/25,Ethiopian,2,67,1615,117700
01/30/25,DAC,JFK,04/07/25,Turkish Airlines,1,67,1570,163014
01/30/25,DAC,JFK,04/07/25,Emirates,1,67,1400,197155
01/30/25,DAC,JFK,04/08/25,Turkish Airlines,1,68,1570,167813
01/30/25,DAC,JFK,04/08/25,Saudia,1,68,1810,174275
01/30/25,DAC,JFK,04/08/25,Emirates,1,68,1400,182997
01/30/25,DAC,JFK,04/09/25,Qatar Airways,1,69,1295,161300
01/30/25,DAC,JFK,04/09/25,Turkish Airlines,1,69,1570,163014
01/30/25,DAC,JFK,04/09/25,Emirates,1,69,1400,177238
01/30/25,DAC,JFK,04/10/25,Qatar Airways,1,70,1925,150741
01/30/25,DAC,JFK,04/10/25,Turkish Airlines,1,70,1570,161214
01/30/25,DAC,JFK,04/10/25,Emirates,1,70,1400,182997
01/30/25,DAC,JFK,04/11/25,Ethiopian,2,71,1610,127133
01/30/25,DAC,JFK,04/11/25,Turkish Airlines,1,71,1570,150416
01/30/25,DAC,JFK,04/11/25,Emirates,1,71,1365,182997
01/30/25,DAC,JFK,04/12/25,Turkish Airlines,1,72,2305,150408
01/30/25,DAC,JFK,04/12/25,Qatar Airways,1,72,1925,160100
01/30/25,DAC,JFK,04/12/25,Saudia,1,72,1810,167196
01/30/25,DAC,JFK,04/12/25,Emirates,1,72,1365,185757
01/30/25,DAC,JFK,04/13/25,Turkish Airlines,1,73,1570,150416
01/30/25,DAC,JFK,04/13/25,Emirates,1,73,1400,164160
01/30/25,DAC,JFK,04/13/25,Saudia,1,73,1810,167196
01/30/25,DAC,JFK,04/13/25,Qatar Airways,1,73,1295,175097
01/30/25,DAC,JFK,04/13/25,Emirates,1,73,1365,177238
01/30/25,DAC,JFK,04/14/25,Ethiopian,2,74,1615,117700
01/30/25,DAC,JFK,04/14/25,Turkish Airlines,1,74,1570,163006
01/30/25,DAC,JFK,04/14/25,Qatar Airways,1,74,1295,169398
01/30/25,DAC,JFK,04/14/25,Emirates,1,74,1400,185757
01/30/25,DAC,JFK,04/15/25,Qatar Airways,1,75,1925,160100
01/30/25,DAC,JFK,04/15/25,Turkish Airlines,1,75,1570,163006
01/30/25,DAC,JFK,04/15/25,Emirates,1,75,1365,182997
01/30/25,DAC,JFK,04/16/25,Cathay Pacific,1,76,1265,140711
01/30/25,DAC,JFK,04/16/25,Saudia,1,76,1940,166836
01/30/25,DAC,JFK,04/16/25,Qatar Airways,1,76,1295,175097
01/30/25,DAC,JFK,04/16/25,Emirates,1,76,1400,182997
01/30/25,DAC,JFK,04/16/25,Turkish Airlines,1,76,1285,192169
01/30/25,DAC,JFK,04/17/25,Emirates,1,77,1400,169919
01/30/25,DAC,JFK,04/17/25,Qatar Airways,1,77,1295,175097
01/30/25,DAC,JFK,04/17/25,Turkish Airlines,1,77,1285,178963
01/30/25,DAC,JFK,04/18/25,Ethiopian,2,78,1610,118135
01/30/25,DAC,JFK,04/18/25,Qatar Airways,1,78,1295,150741
01/30/25,DAC,JFK,04/18/25,Emirates,1,78,1400,169919
01/30/25,DAC,JFK,04/19/25,Emirates,1,79,1365,172799
01/30/25,DAC,JFK,04/19/25,Emirates,1,79,1400,172799
01/30/25,DAC,JFK,04/19/25,Turkish Airlines,1,79,1285,205727
01/30/25,DAC,JFK,04/20/25,Saudia,1,80,1810,154838
01/30/25,DAC,JFK,04/20/25,Emirates,1,80,1400,156842
01/30/25,DAC,JFK,04/20/25,Emirates,1,80,1365,182997
01/30/25,DAC,JFK,04/20/25,Qatar Airways,1,80,1295,205452
01/30/25,DAC,JFK,04/20/25,Turkish Airlines,1,80,1285,205719
01/30/25,DAC,JFK,04/21/25,Ethiopian,2,81,1615,127133
01/30/25,DAC,JFK,04/21/25,Qatar Airways,1,81,1295,150861
01/30/25,DAC,JFK,04/21/25,Emirates,1,81,1365,159601
01/30/25,DAC,JFK,04/22/25,Turkish Airlines,1,82,1570,145609
01/30/25,DAC,JFK,04/22/25,Qatar Airways,1,82,1925,148102
01/30/25,DAC,JFK,04/22/25,Emirates,2,82,2005,148203
01/30/25,DAC,JFK,04/22/25,Emirates,1,82,1365,156842
01/30/25,DAC,JFK,04/22/25,Emirates,1,82,1400,156842
01/30/25,DAC,JFK,04/23/25,Cathay Pacific,1,83,1265,140711
01/30/25,DAC,JFK,04/23/25,Qatar Airways,1,83,1295,148102
01/30/25,DAC,JFK,04/23/25,Emirates,1,83,1365,156842
01/30/25,DAC,JFK,04/24/25,Qatar Airways,1,84,1925,141863
01/30/25,DAC,JFK,04/24/25,Emirates,2,84,1635,148203
01/30/25,DAC,JFK,04/24/25,Turkish Airlines,1,84,1570,148616
01/30/25,DAC,JFK,04/24/25,Emirates,1,84,1365,156842
01/30/25,DAC,JFK,04/25/25,Ethiopian,2,85,1610,127133
01/30/25,DAC,JFK,04/25/25,Turkish Airlines,1,85,1570,145609
01/30/25,DAC,JFK,04/25/25,Qatar Airways,1,85,1925,148102
01/30/25,DAC,JFK,04/25/25,Emirates,1,85,1365,156842
01/30/25,DAC,JFK,04/26/25,Turkish Airlines,1,86,1570,145609
01/30/25,DAC,JFK,04/26/25,Qatar Airways,1,86,1295,148102
01/30/25,DAC,JFK,04/26/25,Emirates,1,86,1365,159601
01/30/25,DAC,JFK,04/27/25,Qatar Airways,1,87,1295,148102
01/30/25,DAC,JFK,04/27/25,Turkish Airlines,1,87,1285,150408
01/30/25,DAC,JFK,04/27/25,Emirates,1,87,1365,156842
01/30/25,DAC,JFK,04/28/25,Ethiopian,2,88,1615,122259
01/30/25,DAC,JFK,04/28/25,Turkish Airlines,1,88,1570,145609
01/30/25,DAC,JFK,04/28/25,Qatar Airways,1,88,1295,146902
01/30/25,DAC,JFK,04/28/25,Emirates,1,88,1400,151082
01/30/25,DAC,JFK,04/29/25,Turkish Airlines,1,89,1570,145609
01/30/25,DAC,JFK,04/29/25,Emirates,1,89,1400,148203
01/30/25,DAC,JFK,04/29/25,Qatar Airways,1,89,1295,153261
01/30/25,DAC,JFK,04/30/25,Turkish Airlines,1,90,1570,145609
01/30/25,DAC,JFK,04/30/25,Qatar Airways,1,90,1295,148102
01/30/25,DAC,JFK,04/30/25,Emirates,2,90,1635,148203
01/30/25,DAC,JFK,04/30/25,Emirates,1,90,1400,148203
01/30/25,DAC,JFK,04/30/25,Emirates,1,90,1365,156842
01/30/25,DAC,LHR,02/01/25,Biman,1,2,1640,137485
01/30/25,DAC,LHR,02/01/25,"Biman, Cathay Pacific",2,2,1625,162386
01/30/25,DAC,LHR,02/01/25,Qatar Airways,1,2,905,203414
01/30/25,DAC,LHR,02/01/25,Emirates,1,2,1000,217702
01/30/25,DAC,LHR,02/02/25,Biman,1,3,0,136024
01/30/25,DAC,LHR,02/02/25,"Biman, Etihad",2,3,1495,162297
01/30/25,DAC,LHR,02/02/25,Emirates,1,3,1000,193706
01/30/25,DAC,LHR,02/03/25,China Eastern,2,4,1950,115781
01/30/25,DAC,LHR,02/03/25,"Biman, Etihad",2,4,1175,138603
01/30/25,DAC,LHR,02/03/25,Emirates,1,4,1635,194363
01/30/25,DAC,LHR,02/04/25,China Eastern,2,5,1950,116159
01/30/25,DAC,LHR,02/04/25,"Biman, Etihad",2,5,1640,148246
01/30/25,DAC,LHR,02/04/25,Malaysia Airlines,1,5,1350,178306
01/30/25,DAC,LHR,02/04/25,Qatar Airways,1,5,945,197832
01/30/25,DAC,LHR,02/04/25,Emirates,1,5,1000,217702
01/30/25,DAC,LHR,02/05/25,China Eastern,2,6,1950,111621
01/30/25,DAC,LHR,02/05/25,"Biman, Etihad",2,6,1175,148246
01/30/25,DAC,LHR,02/05/25,Cathay Pacific,1,6,1195,165666
01/30/25,DAC,LHR,02/06/25,China Eastern,2,7,1950,102239
01/30/25,DAC,LHR,02/06/25,"Biman, Etihad",2,7,1640,146475
01/30/25,DAC,LHR,02/06/25,Qatar Airways,1,7,970,183617
01/30/25,DAC,LHR,02/07/25,China Eastern,2,8,1950,108454
01/30/25,DAC,LHR,02/07/25,"Biman, Etihad",2,8,1175,136832
01/30/25,DAC,LHR,02/07/25,Qatar Airways,1,8,970,203414
01/30/25,DAC,LHR,02/08/25,China Eastern,2,9,1950,120879
01/30/25,DAC,LHR,02/08/25,"Biman, Cathay Pacific",2,9,1540,161764
01/30/25,DAC,LHR,02/08/25,Malaysia Airlines,1,9,1350,189824
01/30/25,DAC,LHR,02/08/25,Qatar Airways,1,9,905,203414
01/30/25,DAC,LHR,02/08/25,Saudia,1,9,985,215572
01/30/25,DAC,LHR,02/09/25,China Eastern,2,10,1950,116461
01/30/25,DAC,LHR,02/09/25,Qatar Airways,1,10,905,208750
01/30/25,DAC,LHR,02/09/25,Saudia,1,10,985,224690
01/30/25,DAC,LHR,02/09/25,Turkish Airlines,1,10,0,227915
01/30/25,DAC,LHR,02/10/25,China Eastern,2,11,1950,135975
01/30/25,DAC,LHR,02/10/25,"Biman, Etihad",2,11,1175,183611
01/30/25,DAC,LHR,02/10/25,Saudia,1,11,985,224690
01/30/25,DAC,LHR,02/10/25,Qatar Airways,1,11,905,228370
01/30/25,DAC,LHR,02/11/25,China Eastern,2,12,1950,135975
01/30/25,DAC,LHR,02/11/25,Qatar Airways,1,12,905,228427
01/30/25,DAC,LHR,02/11/25,Saudia,1,12,985,237285
01/30/25,DAC,LHR,02/12/25,China Eastern,2,13,1950,102239
01/30/25,DAC,LHR,02/12/25,"Biman, Etihad",2,13,1175,131646
01/30/25,DAC,LHR,02/12/25,Cathay Pacific,1,13,1195,165666
01/30/25,DAC,LHR,02/12/25,Malaysia Airlines,1,13,1385,178306
01/30/25,DAC,LHR,02/12/25,Qatar Airways,1,13,970,183617
01/30/25,DAC,LHR,02/13/25,China Eastern,2,14,1950,96024
01/30/25,DAC,LHR,02/13/25,"Biman, Etihad",2,14,1495,134714
01/30/25,DAC,LHR,02/13/25,Malaysia Airlines,1,14,1385,183465
01/30/25,DAC,LHR,02/13/25,Qatar Airways,1,14,905,203414
01/30/25,DAC,LHR,02/14/25,China Eastern,2,15,1950,96024
01/30/25,DAC,LHR,02/14/25,"Biman, Etihad",2,15,1175,126874
01/30/25,DAC,LHR,02/14/25,Qatar Airways,1,15,905,183674
01/30/25,DAC,LHR,02/15/25,China Eastern,2,16,1950,127089
01/30/25,DAC,LHR,02/15/25,"Biman, Cathay Pacific",2,16,1540,161764
01/30/25,DAC,LHR,02/15/25,Qatar Airways,1,16,970,183617
01/30/25,DAC,LHR,02/15/25,Saudia,1,16,985,196195
01/30/25,DAC,LHR,02/16/25,China Eastern,2,17,1950,114664
01/30/25,DAC,LHR,02/16/25,"Biman, Etihad",2,17,1175,169479
01/30/25,DAC,LHR,02/16/25,Cathay Pacific,1,17,1195,175616
01/30/25,DAC,LHR,02/16/25,Malaysia Airlines,1,17,1385,183465
01/30/25,DAC,LHR,02/17/25,China Eastern,2,18,1950,108449
01/30/25,DAC,LHR,02/17/25,"Biman, Etihad",2,18,1175,138660
01/30/25,DAC,LHR,02/17/25,Qatar Airways,1,18,895,183674
01/30/25,DAC,LHR,02/18/25,China Eastern,2,19,1950,96024
01/30/25,DAC,LHR,02/18/25,Cathay Pacific,1,19,1195,160436
01/30/25,DAC,LHR,02/18/25,Qatar Airways,1,19,0,167597
01/30/25,DAC,LHR,02/18/25,Gulf Air,1,19,1010,184819
01/30/25,DAC,LHR,02/19/25,China Eastern,2,20,1950,96024
01/30/25,DAC,LHR,02/19/25,Cathay Pacific,1,20,1195,139087
01/30/25,DAC,LHR,02/19/25,Gulf Air,1,20,1615,174620
01/30/25,DAC,LHR,02/20/25,China Eastern,2,21,1950,102239
01/30/25,DAC,LHR,02/20/25,"Biman, Cathay Pacific",2,21,1675,170125
01/30/25,DAC,LHR,02/20/25,Qatar Airways,1,21,895,203231
01/30/25,DAC,LHR,02/20/25,Turkish Airlines,1,21,915,208064
01/30/25,DAC,LHR,02/21/25,China Eastern,2,22,1950,108449
01/30/25,DAC,LHR,02/21/25,Qatar Airways,1,22,1035,143544
01/30/25,DAC,LHR,02/21/25,Qatar Airways,1,22,905,155479
01/30/25,DAC,LHR,02/21/25,Qatar Airways,1,22,895,169276
01/30/25,DAC,LHR,02/21/25,Malaysia Airlines,1,22,1235,170027
01/30/25,DAC,LHR,02/22/25,Biman,1,23,1640,130751
01/30/25,DAC,LHR,02/22/25,Oman Air,1,23,1940,199015
01/30/25,DAC,LHR,02/22/25,Malaysia Airlines,1,23,1235,204701
01/30/25,DAC,LHR,02/22/25,Qatar Airways,1,23,895,205453
01/30/25,DAC,LHR,02/22/25,Turkish Airlines,1,23,915,231275
01/30/25,DAC,LHR,02/23/25,China Eastern,2,24,1950,96024
01/30/25,DAC,LHR,02/23/25,Qatar Airways,1,24,895,191353
01/30/25,DAC,LHR,02/24/25,China Eastern,2,25,1950,96024
01/30/25,DAC,LHR,02/24/25,Oman Air,1,25,1940,163620
01/30/25,DAC,LHR,02/24/25,"Biman, Etihad",2,25,1175,165518
01/30/25,DAC,LHR,02/24/25,Malaysia Airlines,1,25,1235,175251
01/30/25,DAC,LHR,02/25/25,China Eastern,2,26,1950,96024
01/30/25,DAC,LHR,02/25/25,Oman Air,1,26,1940,137228
01/30/25,DAC,LHR,02/25/25,Malaysia Airlines,1,26,1235,150710
01/30/25,DAC,LHR,02/26/25,China Eastern,2,27,1950,102239
01/30/25,DAC,LHR,02/26/25,Cathay Pacific,1,27,1195,139030
01/30/25,DAC,LHR,02/26/25,Malaysia Airlines,1,27,1235,150710
01/30/25,DAC,LHR,02/27/25,China Eastern,2,28,1950,96024
01/30/25,DAC,LHR,02/27/25,Oman Air,1,28,1940,143104
01/30/25,DAC,LHR,02/27/25,Malaysia Airlines,1,28,1235,150710
01/30/25,DAC,LHR,02/28/25,China Eastern,2,29,1950,102239
01/30/25,DAC,LHR,02/28/25,Qatar Airways,1,29,905,143544
01/30/25,DAC,LHR,02/28/25,Malaysia Airlines,1,29,1235,155870
01/30/25,DAC,LHR,03/01/25,China Eastern,2,30,1950,96024
01/30/25,DAC,LHR,03/01/25,Malaysia Airlines,1,30,1235,162293
01/30/25,DAC,LHR,03/01/25,"Biman, Cathay Pacific",2,30,1540,169501
01/30/25,DAC,LHR,03/02/25,China Eastern,2,31,1950,96024
01/30/25,DAC,LHR,03/02/25,Malaysia Airlines,1,31,1235,155935
01/30/25,DAC,LHR,03/02/25,Qatar Airways,1,31,905,159558
01/30/25,DAC,LHR,03/03/25,China Eastern,2,32,1950,96024
01/30/25,DAC,LHR,03/03/25,"Biman, Etihad",2,32,1175,137021
01/30/25,DAC,LHR,03/03/25,Oman Air,1,32,1940,143161
01/30/25,DAC,LHR,03/03/25,Malaysia Airlines,1,32,1235,150775
01/30/25,DAC,LHR,03/04/25,China Eastern,2,33,1950,96024
01/30/25,DAC,LHR,03/04/25,Qatar Airways,1,33,895,141801
01/30/25,DAC,LHR,03/04/25,Emirates,1,33,965,143012
01/30/25,DAC,LHR,03/05/25,China Eastern,2,34,1950,96024
01/30/25,DAC,LHR,03/05/25,Emirates,1,34,1105,136893
01/30/25,DAC,LHR,03/05/25,"Biman, Etihad",2,34,1175,137021
01/30/25,DAC,LHR,03/05/25,Cathay Pacific,1,34,1195,139087
01/30/25,DAC,LHR,03/05/25,Qatar Airways,1,34,940,139473
01/30/25,DAC,LHR,03/06/25,China Eastern,2,35,1950,96024
01/30/25,DAC,LHR,03/06/25,Oman Air,1,35,1940,129963
01/30/25,DAC,LHR,03/06/25,Qatar Airways,1,35,940,131675
01/30/25,DAC,LHR,03/06/25,Emirates,1,35,865,143012
01/30/25,DAC,LHR,03/06/25,Turkish Airlines,1,35,915,151673
01/30/25,DAC,LHR,03/07/25,China Eastern,2,36,1950,108449
01/30/25,DAC,LHR,03/07/25,Qatar Airways,1,36,905,131363
01/30/25,DAC,LHR,03/07/25,Emirates,1,36,865,134133
01/30/25,DAC,LHR,03/07/25,Turkish Airlines,1,36,915,153473
01/30/25,DAC,LHR,03/07/25,Gulf Air,1,36,1010,155664
01/30/25,DAC,LHR,03/08/25,Emirates,1,37,965,134133
01/30/25,DAC,LHR,03/08/25,Turkish Airlines,1,37,915,144714
01/30/25,DAC,LHR,03/08/25,Saudia,1,37,985,156456
01/30/25,DAC,LHR,03/08/25,Qatar Airways,1,37,895,163877
01/30/25,DAC,LHR,03/09/25,China Eastern,2,38,1950,96024
01/30/25,DAC,LHR,03/09/25,Emirates,1,38,865,126814
01/30/25,DAC,LHR,03/09/25,Qatar Airways,1,38,895,128723
01/30/25,DAC,LHR,03/09/25,Turkish Airlines,1,38,915,137275
01/30/25,DAC,LHR,03/10/25,China Eastern,2,39,1950,96024
01/30/25,DAC,LHR,03/10/25,Oman Air,1,39,1940,125044
01/30/25,DAC,LHR,03/10/25,Emirates,1,39,965,127414
01/30/25,DAC,LHR,03/10/25,Qatar Airways,1,39,940,127643
01/30/25,DAC,LHR,03/10/25,Turkish Airlines,1,39,905,137275
01/30/25,DAC,LHR,03/11/25,China Eastern,2,40,1950,102239
01/30/25,DAC,LHR,03/11/25,Qatar Airways,1,40,940,121227
01/30/25,DAC,LHR,03/11/25,Emirates,1,40,1105,123998
01/30/25,DAC,LHR,03/11/25,Turkish Airlines,1,40,915,137210
01/30/25,DAC,LHR,03/12/25,China Eastern,2,41,1950,96024
01/30/25,DAC,LHR,03/12/25,Qatar Airways,1,41,940,123027
01/30/25,DAC,LHR,03/12/25,Singapore Airlines,1,41,1300,130640
01/30/25,DAC,LHR,03/12/25,Turkish Airlines,1,41,910,131092
01/30/25,DAC,LHR,03/12/25,Emirates,1,41,865,136893
01/30/25,DAC,LHR,03/13/25,Oman Air,1,42,1940,119948
01/30/25,DAC,LHR,03/13/25,Emirates,1,42,865,123998
01/30/25,DAC,LHR,03/13/25,Turkish Airlines,1,42,915,124013
01/30/25,DAC,LHR,03/13/25,Singapore Airlines,1,42,1300,130640
01/30/25,DAC,LHR,03/13/25,Qatar Airways,1,42,940,131306
01/30/25,DAC,LHR,03/14/25,Qatar Airways,1,43,905,114988
01/30/25,DAC,LHR,03/14/25,Turkish Airlines,1,43,915,119094
01/30/25,DAC,LHR,03/14/25,Emirates,1,43,865,123998
01/30/25,DAC,LHR,03/15/25,Qatar Airways,1,44,895,115045
01/30/25,DAC,LHR,03/15/25,Turkish Airlines,1,44,915,119159
01/30/25,DAC,LHR,03/15/25,Emirates,1,44,865,124055
01/30/25,DAC,LHR,03/16/25,China Eastern,2,45,1950,96024
01/30/25,DAC,LHR,03/16/25,Qatar Airways,1,45,895,115045
01/30/25,DAC,LHR,03/16/25,Qatar Airways,1,45,895,121164
01/30/25,DAC,LHR,03/16/25,Emirates,1,45,865,130174
01/30/25,DAC,LHR,03/16/25,Turkish Airlines,1,45,915,131157
01/30/25,DAC,LHR,03/17/25,China Eastern,2,46,1950,96024
01/30/25,DAC,LHR,03/17/25,Qatar Airways,1,46,895,114206
01/30/25,DAC,LHR,03/17/25,Oman Air,1,46,1940,120005
01/30/25,DAC,LHR,03/17/25,Turkish Airlines,1,46,905,131157
01/30/25,DAC,LHR,03/17/25,Emirates,1,46,865,143012
01/30/25,DAC,LHR,03/18/25,China Eastern,2,47,1950,96024
01/30/25,DAC,LHR,03/18/25,Qatar Airways,1,47,895,114206
01/30/25,DAC,LHR,03/18/25,Gulf Air,1,47,1010,129742
01/30/25,DAC,LHR,03/18/25,Turkish Airlines,1,47,915,131157
01/30/25,DAC,LHR,03/18/25,Emirates,1,47,865,143012
01/30/25,DAC,LHR,03/19/25,China Eastern,2,48,1950,96077
01/30/25,DAC,LHR,03/19/25,Qatar Airways,1,48,895,114518
01/30/25,DAC,LHR,03/19/25,Turkish Airlines,1,48,910,131157
01/30/25,DAC,LHR,03/19/25,Emirates,1,48,865,145771
01/30/25,DAC,LHR,03/20/25,Qatar Airways,1,49,895,120517
01/30/25,DAC,LHR,03/20/25,Gulf Air,1,49,1615,122789
01/30/25,DAC,LHR,03/20/25,Turkish Airlines,1,49,915,129357
01/30/25,DAC,LHR,03/21/25,Gulf Air,1,50,1010,132987
01/30/25,DAC,LHR,03/21/25,Saudia,1,50,985,137619
01/30/25,DAC,LHR,03/21/25,Qatar Airways,1,50,895,141081
01/30/25,DAC,LHR,03/21/25,Emirates,1,50,865,145171
01/30/25,DAC,LHR,03/22/25,Gulf Air,1,51,1615,122789
01/30/25,DAC,LHR,03/22/25,Oman Air,1,51,1940,126604
01/30/25,DAC,LHR,03/22/25,Qatar Airways,1,51,895,131363
01/30/25,DAC,LHR,03/22/25,Saudia,1,51,985,137619
01/30/25,DAC,LHR,03/22/25,Emirates,1,51,865,145171
01/30/25,DAC,LHR,03/23/25,China Eastern,2,52,1950,96024
01/30/25,DAC,LHR,03/23/25,Qatar Airways,1,52,905,121164
01/30/25,DAC,LHR,03/23/25,Gulf Air,1,52,0,127828
01/30/25,DAC,LHR,03/23/25,Turkish Airlines,1,52,915,131157
01/30/25,DAC,LHR,03/23/25,Emirates,1,52,865,148051
01/30/25,DAC,LHR,03/24/25,Oman Air,1,53,1940,119948
01/30/25,DAC,LHR,03/24/25,Qatar Airways,1,53,895,129443
01/30/25,DAC,LHR,03/24/25,Turkish Airlines,1,53,905,131157
01/30/25,DAC,LHR,03/24/25,Emirates,1,53,865,145171
01/30/25,DAC,LHR,03/25/25,Turkish Airlines,1,54,915,119159
01/30/25,DAC,LHR,03/25/25,Emirates,1,54,865,126019
01/30/25,DAC,LHR,03/25/25,Gulf Air,1,54,1010,127828
01/30/25,DAC,LHR,03/25/25,Qatar Airways,1,54,895,130283
01/30/25,DAC,LHR,03/26/25,China Eastern,2,55,1950,96024
01/30/25,DAC,LHR,03/26/25,Turkish Airlines,1,55,910,119159
01/30/25,DAC,LHR,03/26/25,Qatar Airways,1,55,895,122796
01/30/25,DAC,LHR,03/26/25,Emirates,1,55,865,128898
01/30/25,DAC,LHR,03/27/25,China Eastern,2,56,1950,96024
01/30/25,DAC,LHR,03/27/25,Turkish Airlines,1,56,915,117359
01/30/25,DAC,LHR,03/27/25,Oman Air,1,56,1940,120005
01/30/25,DAC,LHR,03/27/25,Qatar Airways,1,56,895,121596
01/30/25,DAC,LHR,03/27/25,Emirates,1,56,965,126019
01/30/25,DAC,LHR,03/28/25,Turkish Airlines,1,57,915,119393
01/30/25,DAC,LHR,03/28/25,Qatar Airways,1,57,895,130583
01/30/25,DAC,LHR,03/28/25,Emirates,1,57,865,136517
01/30/25,DAC,LHR,03/29/25,Turkish Airlines,1,58,915,119393
01/30/25,DAC,LHR,03/29/25,Emirates,1,58,865,149115
01/30/25,DAC,LHR,03/29/25,Qatar Airways,1,58,895,153979
01/30/25,DAC,LHR,03/30/25,Turkish Airlines,1,59,910,119393
01/30/25,DAC,LHR,03/30/25,Qatar Airways,1,59,905,143733
01/30/25,DAC,LHR,03/30/25,Gulf Air,1,59,955,155838
01/30/25,DAC,LHR,03/30/25,Emirates,1,59,805,173635
01/30/25,DAC,LHR,03/31/25,Turkish Airlines,1,60,910,119393
01/30/25,DAC,LHR,03/31/25,Qatar Airways,1,60,870,165737
01/30/25,DAC,LHR,03/31/25,Saudia,1,60,0,172113
01/30/25,DAC,LHR,04/01/25,Turkish Airlines,1,61,870,122392
01/30/25,DAC,LHR,04/01/25,Gulf Air,1,61,955,176600
01/30/25,DAC,LHR,04/01/25,Qatar Airways,1,61,870,192853
01/30/25,DAC,LHR,04/02/25,China Eastern,2,62,2020,127594
01/30/25,DAC,LHR,04/02/25,Turkish Airlines,1,62,865,153707
01/30/25,DAC,LHR,04/02/25,Gulf Air,1,62,0,166156
01/30/25,DAC,LHR,04/02/25,Qatar Airways,1,62,870,179607
01/30/25,DAC,LHR,04/02/25,Emirates,1,62,805,200990
01/30/25,DAC,LHR,04/03/25,Oman Air,1,63,1925,153299
01/30/25,DAC,LHR,04/03/25,Qatar Airways,1,63,870,167849
01/30/25,DAC,LHR,04/03/25,Turkish Airlines,1,63,870,175249
01/30/25,DAC,LHR,04/04/25,Malaysia Airlines,1,64,1170,167753
01/30/25,DAC,LHR,04/04/25,Qatar Airways,1,64,895,167849
01/30/25,DAC,LHR,04/04/25,Turkish Airlines,1,64,885,177049
01/30/25,DAC,LHR,04/04/25,Saudia,1,64,0,178952
01/30/25,DAC,LHR,04/04/25,Emirates,1,64,805,183353
01/30/25,DAC,LHR,04/05/25,Turkish Airlines,1,65,870,153773
01/30/25,DAC,LHR,04/05/25,Emirates,1,65,805,156118
01/30/25,DAC,LHR,04/05/25,Qatar Airways,1,65,870,158298
01/30/25,DAC,LHR,04/06/25,Singapore Airlines,1,66,1250,151753
01/30/25,DAC,LHR,04/06/25,Qatar Airways,1,66,870,153139
01/30/25,DAC,LHR,04/06/25,Turkish Airlines,1,66,910,153773
01/30/25,DAC,LHR,04/06/25,Saudia,1,66,925,157236
01/30/25,DAC,LHR,04/06/25,Emirates,1,66,995,158997
01/30/25,DAC,LHR,04/07/25,Saudia,1,67,925,137861
01/30/25,DAC,LHR,04/07/25,Ethiopian,1,67,1135,140493
01/30/25,DAC,LHR,04/07/25,Qatar Airways,1,67,870,147860
01/30/25,DAC,LHR,04/07/25,Singapore Airlines,1,67,1250,151753
01/30/25,DAC,LHR,04/07/25,Emirates,1,67,805,165236
01/30/25,DAC,LHR,04/08/25,Qatar Airways,1,68,870,135876
01/30/25,DAC,LHR,04/08/25,Singapore Airlines,1,68,1250,151753
01/30/25,DAC,LHR,04/08/25,Saudia,1,68,925,157236
01/30/25,DAC,LHR,04/08/25,Emirates,1,68,805,165236
01/30/25,DAC,LHR,04/09/25,Singapore Airlines,1,69,1250,126677
01/30/25,DAC,LHR,04/09/25,Qatar Airways,1,69,870,133462
01/30/25,DAC,LHR,04/09/25,Saudia,1,69,925,137919
01/30/25,DAC,LHR,04/10/25,Qatar Airways,1,70,870,123518
01/30/25,DAC,LHR,04/10/25,Singapore Airlines,1,70,1250,131476
01/30/25,DAC,LHR,04/10/25,Saudia,1,70,925,137919
01/30/25,DAC,LHR,04/11/25,Qatar Airways,1,71,870,129685
01/30/25,DAC,LHR,04/11/25,Singapore Airlines,1,71,1250,131476
01/30/25,DAC,LHR,04/11/25,Saudia,1,71,0,137919
01/30/25,DAC,LHR,04/11/25,Turkish Airlines,1,71,885,153773
01/30/25,DAC,LHR,04/11/25,Emirates,1,71,805,154918
01/30/25,DAC,LHR,04/12/25,Singapore Airlines,1,72,1250,126677
01/30/25,DAC,LHR,04/12/25,Qatar Airways,1,72,870,129743
01/30/25,DAC,LHR,04/12/25,Saudia,1,72,0,137919
01/30/25,DAC,LHR,04/13/25,Singapore Airlines,1,73,1250,126677
01/30/25,DAC,LHR,04/13/25,Qatar Airways,1,73,870,135022
01/30/25,DAC,LHR,04/13/25,Saudia,1,73,0,137919
01/30/25,DAC,LHR,04/13/25,Turkish Airlines,1,73,910,153773
01/30/25,DAC,LHR,04/13/25,Emirates,1,73,805,157797
01/30/25,DAC,LHR,04/14/25,Oman Air,1,74,1925,125286
01/30/25,DAC,LHR,04/14/25,Qatar Airways,1,74,870,129743
01/30/25,DAC,LHR,04/14/25,Saudia,1,74,0,134440
01/30/25,DAC,LHR,04/14/25,Ethiopian,1,74,1135,135934
01/30/25,DAC,LHR,04/14/25,Emirates,1,74,805,167396
01/30/25,DAC,LHR,04/15/25,Qatar Airways,1,75,965,129685
01/30/25,DAC,LHR,04/15/25,Saudia,1,75,0,134440
01/30/25,DAC,LHR,04/15/25,Oman Air,1,75,1925,137585
01/30/25,DAC,LHR,04/15/25,Turkish Airlines,1,75,910,153773
01/30/25,DAC,LHR,04/15/25,Emirates,1,75,945,167396
01/30/25,DAC,LHR,04/16/25,Qatar Airways,1,76,870,143843
01/30/25,DAC,LHR,04/16/25,Turkish Airlines,1,76,865,145014
01/30/25,DAC,LHR,04/16/25,Saudia,1,76,925,162995
01/30/25,DAC,LHR,04/17/25,Qatar Airways,1,77,925,140123
01/30/25,DAC,LHR,04/17/25,Turkish Airlines,1,77,870,143215
01/30/25,DAC,LHR,04/17/25,Saudia,1,77,925,162995
01/30/25,DAC,LHR,04/18/25,Turkish Airlines,1,78,885,153773
01/30/25,DAC,LHR,04/18/25,Saudia,1,78,0,159515
01/30/25,DAC,LHR,04/18/25,Qatar Airways,1,78,870,165737
01/30/25,DAC,LHR,04/19/25,Saudia,1,79,0,162937
01/30/25,DAC,LHR,04/19/25,Turkish Airlines,1,79,870,164331
01/30/25,DAC,LHR,04/19/25,Qatar Airways,1,79,870,180974
01/30/25,DAC,LHR,04/20/25,Ethiopian,1,80,2180,151570
01/30/25,DAC,LHR,04/20/25,Turkish Airlines,1,80,910,177049
01/30/25,DAC,LHR,04/20/25,Gulf Air,1,80,955,200236
01/30/25,DAC,LHR,04/21/25,Ethiopian,1,81,1135,148581
01/30/25,DAC,LHR,04/21/25,Turkish Airlines,1,81,910,164331
01/30/25,DAC,LHR,04/21/25,Qatar Airways,1,81,1470,165737
01/30/25,DAC,LHR,04/21/25,Saudia,1,81,0,172113
01/30/25,DAC,LHR,04/22/25,Turkish Airlines,1,82,910,137509
01/30/25,DAC,LHR,04/22/25,Qatar Airways,1,82,965,152059
01/30/25,DAC,LHR,04/22/25,Saudia,1,82,0,159515
01/30/25,DAC,LHR,04/23/25,Turkish Airlines,1,83,865,131391
01/30/25,DAC,LHR,04/23/25,Qatar Airways,1,83,965,143901
01/30/25,DAC,LHR,04/23/25,Saudia,1,83,0,153876
01/30/25,DAC,LHR,04/24/25,Turkish Airlines,1,84,870,129657
01/30/25,DAC,LHR,04/24/25,Qatar Airways,1,84,870,129743
01/30/25,DAC,LHR,04/24/25,Saudia,1,84,925,150397
01/30/25,DAC,LHR,04/24/25,Emirates,1,84,995,154918
01/30/25,DAC,LHR,04/25/25,Qatar Airways,1,85,870,129743
01/30/25,DAC,LHR,04/25/25,Turkish Airlines,1,85,885,131457
01/30/25,DAC,LHR,04/25/25,Saudia,1,85,0,150397
01/30/25,DAC,LHR,04/25/25,Emirates,1,85,945,154918
01/30/25,DAC,LHR,04/26/25,Qatar Airways,1,86,965,111448
01/30/25,DAC,LHR,04/26/25,Turkish Airlines,1,86,870,119459
01/30/25,DAC,LHR,04/26/25,Oman Air,1,86,1925,131823
01/30/25,DAC,LHR,04/26/25,Saudia,1,86,0,150397
01/30/25,DAC,LHR,04/27/25,Turkish Airlines,1,87,910,119393
01/30/25,DAC,LHR,04/27/25,Qatar Airways,1,87,965,121224
01/30/25,DAC,LHR,04/27/25,Emirates,1,87,995,148679
01/30/25,DAC,LHR,04/28/25,Qatar Airways,1,88,870,129743
01/30/25,DAC,LHR,04/28/25,Turkish Airlines,1,88,910,137575
01/30/25,DAC,LHR,04/28/25,Emirates,1,88,805,145799
01/30/25,DAC,LHR,04/29/25,Qatar Airways,1,89,870,117639
01/30/25,DAC,LHR,04/29/25,Oman Air,1,89,1925,121810
01/30/25,DAC,LHR,04/29/25,Emirates,1,89,1065,136681
01/30/25,DAC,LHR,04/29/25,Gulf Air,1,89,1460,143726
01/30/25,DAC,LHR,04/29/25,Turkish Airlines,1,89,870,145014
01/30/25,DAC,LHR,04/30/25,Qatar Airways,1,90,870,121166
01/30/25,DAC,LHR,04/30/25,Emirates,1,90,1170,132722
01/30/25,DAC,LHR,04/30/25,Turkish Airlines,1,90,865,137575
01/30/25,DAC,DXB,02/01/25,Emirates,0,2,325,127561
01/30/25,DAC,DXB,02/01/25,Emirates,0,2,325,127561
01/30/25,DAC,DXB,02/01/25,Jazeera,1,2,690,132098
01/30/25,DAC,DXB,02/01/25,Emirates,0,2,330,143544
01/30/25,DAC,DXB,02/02/25,Biman,0,3,355,114068
01/30/25,DAC,DXB,02/02/25,Emirates,0,3,325,122927
01/30/25,DAC,DXB,02/03/25,Emirates,0,4,325,115323
01/30/25,DAC,DXB,02/03/25,Jazeera,1,4,690,125654
01/30/25,DAC,DXB,02/03/25,Emirates,0,4,325,127561
01/30/25,DAC,DXB,02/03/25,Emirates,0,4,330,155397
01/30/25,DAC,DXB,02/04/25,Emirates,0,5,325,122927
01/30/25,DAC,DXB,02/05/25,Emirates,0,6,325,122927
01/30/25,DAC,DXB,02/05/25,Jazeera,1,6,690,131696
01/30/25,DAC,DXB,02/06/25,Biman,0,7,355,52648
01/30/25,DAC,DXB,02/06/25,Biman,1,7,0,114068
01/30/25,DAC,DXB,02/06/25,Emirates,0,7,325,150763
01/30/25,DAC,DXB,02/07/25,Biman,1,8,0,113633
01/30/25,DAC,DXB,02/07/25,Emirates,0,8,325,122927
01/30/25,DAC,DXB,02/08/25,Oman Air,1,9,450,94284
01/30/25,DAC,DXB,02/08/25,Emirates,0,9,325,122927
01/30/25,DAC,DXB,02/09/25,Biman,0,10,355,55048
01/30/25,DAC,DXB,02/09/25,flydubai,0,10,350,119280
01/30/25,DAC,DXB,02/09/25,Emirates,0,10,325,122927
01/30/25,DAC,DXB,02/10/25,Gulf Air,1,11,775,110784
01/30/25,DAC,DXB,02/10/25,Emirates,0,11,325,150763
01/30/25,DAC,DXB,02/11/25,Biman,0,12,355,55759
01/30/25,DAC,DXB,02/11/25,Biman,1,12,0,55759
01/30/25,DAC,DXB,02/11/25,Emirates,0,12,325,122927
01/30/25,DAC,DXB,02/12/25,Biman,0,13,355,52648
01/30/25,DAC,DXB,02/12/25,Gulf Air,1,13,635,110784
01/30/25,DAC,DXB,02/12/25,Emirates,0,13,325,122927
01/30/25,DAC,DXB,02/13/25,Biman,1,14,0,52648
01/30/25,DAC,DXB,02/13/25,Jazeera,1,14,690,125253
01/30/25,DAC,DXB,02/13/25,flydubai,0,14,350,147081
01/30/25,DAC,DXB,02/13/25,Emirates,0,14,330,181098
01/30/25,DAC,DXB,02/14/25,Biman,1,15,0,55048
01/30/25,DAC,DXB,02/14/25,Jazeera,1,15,690,119417
01/30/25,DAC,DXB,02/14/25,Saudia,1,15,790,144280
01/30/25,DAC,DXB,02/14/25,Emirates,0,15,325,181098
01/30/25,DAC,DXB,02/15/25,Biman,1,16,0,55759
01/30/25,DAC,DXB,02/15/25,Gulf Air,1,16,1195,110784
01/30/25,DAC,DXB,02/15/25,Jazeera,1,16,690,119417
01/30/25,DAC,DXB,02/15/25,Emirates,0,16,325,150763
01/30/25,DAC,DXB,02/16/25,flydubai,0,17,350,107320
01/30/25,DAC,DXB,02/16/25,Emirates,0,17,325,122927
01/30/25,DAC,DXB,02/17/25,Biman,0,18,350,56289
01/30/25,DAC,DXB,02/17/25,flydubai,0,18,350,108800
01/30/25,DAC,DXB,02/17/25,Emirates,0,18,330,150763
01/30/25,DAC,DXB,02/18/25,Biman,1,19,0,55759
01/30/25,DAC,DXB,02/18/25,Oman Air,1,19,450,103283
01/30/25,DAC,DXB,02/18/25,Emirates,0,19,325,122927
01/30/25,DAC,DXB,02/19/25,Biman,0,20,355,55759
01/30/25,DAC,DXB,02/19/25,Jazeera,1,20,690,110663
01/30/25,DAC,DXB,02/19/25,Gulf Air,1,20,775,110784
01/30/25,DAC,DXB,02/19/25,flydubai,0,20,350,147081
01/30/25,DAC,DXB,02/19/25,Emirates,0,20,325,150763
01/30/25,DAC,DXB,02/20/25,Biman,1,21,0,55759
01/30/25,DAC,DXB,02/20/25,Gulf Air,1,21,635,110784
01/30/25,DAC,DXB,02/20/25,flydubai,0,21,350,119280
01/30/25,DAC,DXB,02/21/25,Biman,1,22,0,55759
01/30/25,DAC,DXB,02/21/25,Jazeera,1,22,690,110480
01/30/25,DAC,DXB,02/21/25,flydubai,0,22,350,133122
01/30/25,DAC,DXB,02/21/25,Emirates,0,22,325,150763
01/30/25,DAC,DXB,02/22/25,Biman,1,23,0,56338
01/30/25,DAC,DXB,02/22/25,Oman Air,1,23,450,94284
01/30/25,DAC,DXB,02/22/25,flydubai,0,23,350,107320
01/30/25,DAC,DXB,02/22/25,Gulf Air,1,23,635,110784
01/30/25,DAC,DXB,02/22/25,Emirates,0,23,325,122927
01/30/25,DAC,DXB,02/23/25,Biman,0,24,355,58738
01/30/25,DAC,DXB,02/23/25,flydubai,0,24,350,115903
01/30/25,DAC,DXB,02/23/25,Emirates,0,24,325,122927
01/30/25,DAC,DXB,02/24/25,Biman,0,25,355,58738
01/30/25,DAC,DXB,02/24/25,Oman Air,1,25,450,103283
01/30/25,DAC,DXB,02/24/25,Gulf Air,1,25,635,110784
01/30/25,DAC,DXB,02/24/25,flydubai,0,25,350,129147
01/30/25,DAC,DXB,02/24/25,Emirates,0,25,325,150763
01/30/25,DAC,DXB,02/25/25,Biman,1,26,0,55759
01/30/25,DAC,DXB,02/25/25,Oman Air,1,26,450,84063
01/30/25,DAC,DXB,02/25/25,flydubai,0,26,350,115903
01/30/25,DAC,DXB,02/25/25,Emirates,0,26,325,122927
01/30/25,DAC,DXB,02/26/25,Biman,0,27,355,55759
01/30/25,DAC,DXB,02/26/25,flydubai,0,27,350,101075
01/30/25,DAC,DXB,02/26/25,Gulf Air,1,27,635,110784
01/30/25,DAC,DXB,02/26/25,Emirates,0,27,325,150763
01/30/25,DAC,DXB,02/27/25,Biman,1,28,0,58738
01/30/25,DAC,DXB,02/27/25,Oman Air,1,28,450,88166
01/30/25,DAC,DXB,02/27/25,flydubai,0,28,350,115489
01/30/25,DAC,DXB,02/27/25,Emirates,0,28,325,122927
01/30/25,DAC,DXB,02/28/25,Biman,1,29,0,57745
01/30/25,DAC,DXB,02/28/25,flydubai,0,29,350,101126
01/30/25,DAC,DXB,02/28/25,flydubai,0,29,350,101126
01/30/25,DAC,DXB,03/01/25,Biman,1,30,0,53359
01/30/25,DAC,DXB,03/01/25,flydubai,0,30,350,101126
01/30/25,DAC,DXB,03/01/25,Gulf Air,1,30,635,110784
01/30/25,DAC,DXB,03/02/25,Biman,0,31,355,57745
01/30/25,DAC,DXB,03/02/25,flydubai,0,31,350,101184
01/30/25,DAC,DXB,03/02/25,Emirates,0,31,330,110689
01/30/25,DAC,DXB,03/03/25,Biman,0,32,355,58076
01/30/25,DAC,DXB,03/03/25,Oman Air,1,32,450,88166
01/30/25,DAC,DXB,03/03/25,flydubai,0,32,350,101184
01/30/25,DAC,DXB,03/03/25,Emirates,0,32,330,110689
01/30/25,DAC,DXB,03/04/25,Biman,1,33,0,53359
01/30/25,DAC,DXB,03/04/25,Emirates,0,33,325,81654
01/30/25,DAC,DXB,03/04/25,Oman Air,1,33,450,84063
01/30/25,DAC,DXB,03/04/25,flydubai,0,33,350,101126
01/30/25,DAC,DXB,03/05/25,Biman,0,34,355,55759
01/30/25,DAC,DXB,03/05/25,Emirates,0,34,330,81654
01/30/25,DAC,DXB,03/05/25,Emirates,0,34,325,90053
01/30/25,DAC,DXB,03/05/25,Emirates,0,34,325,90053
01/30/25,DAC,DXB,03/05/25,flydubai,0,34,350,101032
01/30/25,DAC,DXB,03/06/25,Biman,1,35,0,55759
01/30/25,DAC,DXB,03/06/25,Oman Air,1,35,450,75785
01/30/25,DAC,DXB,03/06/25,Emirates,0,35,330,81654
01/30/25,DAC,DXB,03/07/25,Biman,1,36,0,53359
01/30/25,DAC,DXB,03/07/25,Emirates,0,36,325,81654
01/30/25,DAC,DXB,03/07/25,Emirates,0,36,325,81654
01/30/25,DAC,DXB,03/08/25,Biman,1,37,0,53359
01/30/25,DAC,DXB,03/08/25,Emirates,0,37,325,74935
01/30/25,DAC,DXB,03/08/25,Emirates,0,37,325,74935
01/30/25,DAC,DXB,03/09/25,Biman,0,38,355,55014
01/30/25,DAC,DXB,03/09/25,Emirates,0,38,325,69296
01/30/25,DAC,DXB,03/09/25,Emirates,0,38,325,74935
01/30/25,DAC,DXB,03/10/25,Biman,0,39,355,58076
01/30/25,DAC,DXB,03/10/25,Emirates,0,39,325,74935
01/30/25,DAC,DXB,03/10/25,Oman Air,1,39,450,75785
01/30/25,DAC,DXB,03/11/25,Biman,1,40,0,56338
01/30/25,DAC,DXB,03/11/25,Emirates,0,40,330,74935
01/30/25,DAC,DXB,03/11/25,Emirates,0,40,325,81654
01/30/25,DAC,DXB,03/11/25,Oman Air,1,40,450,84063
01/30/25,DAC,DXB,03/12/25,Biman,0,41,355,55014
01/30/25,DAC,DXB,03/12/25,Emirates,0,41,325,81654
01/30/25,DAC,DXB,03/12/25,Emirates,0,41,330,81654
01/30/25,DAC,DXB,03/12/25,Emirates,0,41,325,90053
01/30/25,DAC,DXB,03/12/25,flydubai,0,41,350,101184
01/30/25,DAC,DXB,03/13/25,Biman,1,42,0,56338
01/30/25,DAC,DXB,03/13/25,Oman Air,1,42,450,73589
01/30/25,DAC,DXB,03/13/25,Emirates,0,42,325,74935
01/30/25,DAC,DXB,03/13/25,Emirates,0,42,325,74935
01/30/25,DAC,DXB,03/13/25,Emirates,0,42,330,74935
01/30/25,DAC,DXB,03/14/25,Biman,1,43,0,56338
01/30/25,DAC,DXB,03/14/25,Emirates,0,43,330,67137
01/30/25,DAC,DXB,03/14/25,Emirates,0,43,325,69296
01/30/25,DAC,DXB,03/14/25,Emirates,0,43,325,69296
01/30/25,DAC,DXB,03/15/25,Biman,1,44,0,56338
01/30/25,DAC,DXB,03/15/25,Emirates,0,44,325,67137
01/30/25,DAC,DXB,03/15/25,Emirates,0,44,325,67137
01/30/25,DAC,DXB,03/15/25,Emirates,0,44,330,67137
01/30/25,DAC,DXB,03/16/25,Biman,0,45,355,56338
01/30/25,DAC,DXB,03/16/25,Emirates,0,45,325,67137
01/30/25,DAC,DXB,03/16/25,Emirates,0,45,325,67137
01/30/25,DAC,DXB,03/16/25,Emirates,0,45,330,67137
01/30/25,DAC,DXB,03/17/25,Biman,0,46,355,56338
01/30/25,DAC,DXB,03/17/25,Emirates,0,46,325,67137
01/30/25,DAC,DXB,03/17/25,Emirates,0,46,325,67137
01/30/25,DAC,DXB,03/17/25,Emirates,0,46,330,69296
01/30/25,DAC,DXB,03/18/25,Biman,1,47,0,58324
01/30/25,DAC,DXB,03/18/25,Oman Air,1,47,450,84063
01/30/25,DAC,DXB,03/18/25,Emirates,0,47,330,91301
01/30/25,DAC,DXB,03/19/25,Biman,0,48,355,57278
01/30/25,DAC,DXB,03/19/25,Qatar Airways,1,48,570,82523
01/30/25,DAC,DXB,03/19/25,Emirates,0,48,325,84994
01/30/25,DAC,DXB,03/19/25,Emirates,0,48,325,84994
01/30/25,DAC,DXB,03/19/25,Emirates,0,48,330,84994
01/30/25,DAC,DXB,03/20/25,Biman,1,49,0,58986
01/30/25,DAC,DXB,03/20/25,Oman Air,1,49,450,73589
01/30/25,DAC,DXB,03/20/25,Emirates,0,49,330,91712
01/30/25,DAC,DXB,03/21/25,Biman,1,50,0,58986
01/30/25,DAC,DXB,03/21/25,Gulf Air,1,50,590,84388
01/30/25,DAC,DXB,03/21/25,Emirates,0,50,330,91901
01/30/25,DAC,DXB,03/22/25,Biman,1,51,0,60641
01/30/25,DAC,DXB,03/22/25,Oman Air,1,51,450,75785
01/30/25,DAC,DXB,03/22/25,Emirates,0,51,330,91901
01/30/25,DAC,DXB,03/23/25,Biman,0,52,355,64614
01/30/25,DAC,DXB,03/23/25,Emirates,0,52,325,89313
01/30/25,DAC,DXB,03/23/25,Emirates,0,52,325,89313
01/30/25,DAC,DXB,03/23/25,Emirates,0,52,330,89313
01/30/25,DAC,DXB,03/24/25,Biman,0,53,355,57678
01/30/25,DAC,DXB,03/24/25,Oman Air,1,53,450,76085
01/30/25,DAC,DXB,03/24/25,Emirates,0,53,330,86553
01/30/25,DAC,DXB,03/25/25,Biman,1,54,0,73882
01/30/25,DAC,DXB,03/25/25,Emirates,0,54,325,81394
01/30/25,DAC,DXB,03/25/25,Emirates,0,54,330,81394
01/30/25,DAC,DXB,03/25/25,Emirates,0,54,325,83674
01/30/25,DAC,DXB,03/26/25,Biman,0,55,355,57442
01/30/25,DAC,DXB,03/26/25,Emirates,0,55,325,81558
01/30/25,DAC,DXB,03/26/25,Emirates,0,55,330,81558
01/30/25,DAC,DXB,03/26/25,Emirates,0,55,325,83838
01/30/25,DAC,DXB,03/27/25,Biman,1,56,0,55007
01/30/25,DAC,DXB,03/27/25,Oman Air,1,56,450,73753
01/30/25,DAC,DXB,03/27/25,Emirates,0,56,330,78679
01/30/25,DAC,DXB,03/28/25,Biman,1,57,0,57842
01/30/25,DAC,DXB,03/28/25,Emirates,0,57,325,81558
01/30/25,DAC,DXB,03/28/25,Emirates,0,57,325,81558
01/30/25,DAC,DXB,03/28/25,Emirates,0,57,330,81558
01/30/25,DAC,DXB,03/28/25,Gulf Air,1,57,580,84552
01/30/25,DAC,DXB,03/29/25,Biman,1,58,0,55442
01/30/25,DAC,DXB,03/29/25,Oman Air,1,58,450,73753
01/30/25,DAC,DXB,03/29/25,Emirates,0,58,330,81558
01/30/25,DAC,DXB,03/30/25,Biman,0,59,0,57842
01/30/25,DAC,DXB,03/30/25,Emirates,0,59,325,81558
01/30/25,DAC,DXB,03/30/25,Emirates,0,59,0,81558
01/30/25,DAC,DXB,03/30/25,Emirates,0,59,0,81558
01/30/25,DAC,DXB,03/31/25,Biman,0,60,0,60241
01/30/25,DAC,DXB,03/31/25,Oman Air,1,60,440,73753
01/30/25,DAC,DXB,03/31/25,Emirates,0,60,0,81558
01/30/25,DAC,DXB,04/01/25,Biman,1,61,410,59806
01/30/25,DAC,DXB,04/01/25,Oman Air,1,61,440,73753
01/30/25,DAC,DXB,04/01/25,Emirates,0,61,290,81558
01/30/25,DAC,DXB,04/02/25,Biman,0,62,0,62241
01/30/25,DAC,DXB,04/02/25,Emirates,0,62,290,81558
01/30/25,DAC,DXB,04/02/25,Emirates,0,62,0,83838
01/30/25,DAC,DXB,04/02/25,Emirates,0,62,0,83838
01/30/25,DAC,DXB,04/03/25,Biman,1,63,410,57407
01/30/25,DAC,DXB,04/03/25,Emirates,0,63,0,78679
01/30/25,DAC,DXB,04/03/25,Oman Air,1,63,440,79908
01/30/25,DAC,DXB,04/03/25,Emirates,0,63,290,80958
01/30/25,DAC,DXB,04/03/25,Emirates,0,63,0,80958
01/30/25,DAC,DXB,04/04/25,Biman,1,64,415,59806
01/30/25,DAC,DXB,04/04/25,Emirates,0,64,290,93436
01/30/25,DAC,DXB,04/04/25,Emirates,0,64,0,93436
01/30/25,DAC,DXB,04/04/25,Emirates,0,64,0,93436
01/30/25,DAC,DXB,04/04/25,flydubai,0,64,335,101278
01/30/25,DAC,DXB,04/05/25,Biman,1,65,410,59806
01/30/25,DAC,DXB,04/05/25,Oman Air,1,65,440,73753
01/30/25,DAC,DXB,04/05/25,Emirates,0,65,0,89477
01/30/25,DAC,DXB,04/06/25,Biman,0,66,0,60241
01/30/25,DAC,DXB,04/06/25,Emirates,0,66,0,86717
01/30/25,DAC,DXB,04/06/25,Emirates,0,66,290,93436
01/30/25,DAC,DXB,04/06/25,Emirates,0,66,0,93436
01/30/25,DAC,DXB,04/06/25,flydubai,0,66,335,101220
01/30/25,DAC,DXB,04/07/25,Biman,0,67,0,61304
01/30/25,DAC,DXB,04/07/25,Oman Air,1,67,440,73753
01/30/25,DAC,DXB,04/07/25,Emirates,0,67,0,82780
01/30/25,DAC,DXB,04/08/25,Biman,1,68,410,57407
01/30/25,DAC,DXB,04/08/25,Oman Air,1,68,440,75949
01/30/25,DAC,DXB,04/08/25,Emirates,0,68,0,96316
01/30/25,DAC,DXB,04/09/25,Biman,0,69,0,63310
01/30/25,DAC,DXB,04/09/25,Emirates,0,69,0,82780
01/30/25,DAC,DXB,04/09/25,Gulf Air,1,69,0,91751
01/30/25,DAC,DXB,04/10/25,Biman,1,70,410,59806
01/30/25,DAC,DXB,04/10/25,Oman Air,1,70,440,75949
01/30/25,DAC,DXB,04/10/25,Emirates,0,70,0,101955
01/30/25,DAC,DXB,04/11/25,Biman,1,71,415,59806
01/30/25,DAC,DXB,04/11/25,Emirates,0,71,0,93436
01/30/25,DAC,DXB,04/11/25,Gulf Air,1,71,570,96430
01/30/25,DAC,DXB,04/11/25,flydubai,0,71,335,101359
01/30/25,DAC,DXB,04/12/25,Biman,1,72,410,59806
01/30/25,DAC,DXB,04/12/25,Oman Air,1,72,440,75949
01/30/25,DAC,DXB,04/12/25,Emirates,0,72,0,96316
01/30/25,DAC,DXB,04/13/25,Biman,0,73,0,63241
01/30/25,DAC,DXB,04/13/25,Emirates,0,73,0,86717
01/30/25,DAC,DXB,04/13/25,Emirates,0,73,0,86717
01/30/25,DAC,DXB,04/13/25,Emirates,0,73,290,93436
01/30/25,DAC,DXB,04/13/25,flydubai,0,73,335,101359
01/30/25,DAC,DXB,04/14/25,Biman,0,74,0,61304
01/30/25,DAC,DXB,04/14/25,Emirates,0,74,290,67903
01/30/25,DAC,DXB,04/14/25,Emirates,0,74,0,67903
01/30/25,DAC,DXB,04/14/25,Emirates,0,74,0,67903
01/30/25,DAC,DXB,04/14/25,Oman Air,1,74,440,73753
01/30/25,DAC,DXB,04/15/25,Biman,1,75,410,57407
01/30/25,DAC,DXB,04/15/25,Oman Air,1,75,440,73753
01/30/25,DAC,DXB,04/15/25,Emirates,0,75,290,81558
01/30/25,DAC,DXB,04/16/25,Biman,0,76,0,61304
01/30/25,DAC,DXB,04/16/25,Emirates,0,76,0,67903
01/30/25,DAC,DXB,04/16/25,Emirates,0,76,0,67903
01/30/25,DAC,DXB,04/17/25,Biman,1,77,410,57407
01/30/25,DAC,DXB,04/17/25,Oman Air,1,77,440,73753
01/30/25,DAC,DXB,04/17/25,Emirates,0,77,290,78679
01/30/25,DAC,DXB,04/17/25,Emirates,0,77,0,78679
01/30/25,DAC,DXB,04/17/25,Emirates,0,77,0,78679
01/30/25,DAC,DXB,04/18/25,Biman,1,78,415,59806
01/30/25,DAC,DXB,04/18/25,Emirates,0,78,290,81558
01/30/25,DAC,DXB,04/18/25,Emirates,0,78,0,81558
01/30/25,DAC,DXB,04/18/25,Emirates,0,78,0,81558
01/30/25,DAC,DXB,04/19/25,Biman,1,79,410,57407
01/30/25,DAC,DXB,04/19/25,Oman Air,1,79,440,73753
01/30/25,DAC,DXB,04/19/25,Emirates,0,79,290,81558
01/30/25,DAC,DXB,04/20/25,Biman,0,80,0,60241
01/30/25,DAC,DXB,04/20/25,Emirates,0,80,290,81558
01/30/25,DAC,DXB,04/20/25,Emirates,0,80,0,81558
01/30/25,DAC,DXB,04/20/25,Emirates,0,80,0,81558
01/30/25,DAC,DXB,04/21/25,Biman,0,81,0,61304
01/30/25,DAC,DXB,04/21/25,Emirates,0,81,290,67903
01/30/25,DAC,DXB,04/21/25,Emirates,0,81,0,67903
01/30/25,DAC,DXB,04/21/25,Emirates,0,81,0,70302
01/30/25,DAC,DXB,04/21/25,Oman Air,1,81,440,73753
01/30/25,DAC,DXB,04/22/25,Biman,1,82,410,57407
01/30/25,DAC,DXB,04/22/25,Oman Air,1,82,440,73753
01/30/25,DAC,DXB,04/22/25,Emirates,0,82,290,81558
01/30/25,DAC,DXB,04/23/25,Biman,0,83,0,61304
01/30/25,DAC,DXB,04/23/25,Emirates,0,83,290,67903
01/30/25,DAC,DXB,04/23/25,Emirates,0,83,0,67903
01/30/25,DAC,DXB,04/23/25,Emirates,0,83,0,67903
01/30/25,DAC,DXB,04/24/25,Biman,1,84,410,64303
01/30/25,DAC,DXB,04/24/25,Emirates,0,84,290,67903
01/30/25,DAC,DXB,04/24/25,Emirates,0,84,0,67903
01/30/25,DAC,DXB,04/24/25,Emirates,0,84,0,67903
01/30/25,DAC,DXB,04/24/25,Oman Air,1,84,440,73753
01/30/25,DAC,DXB,04/25/25,Biman,1,85,415,61304
01/30/25,DAC,DXB,04/25/25,Emirates,0,85,290,67903
01/30/25,DAC,DXB,04/25/25,Emirates,0,85,0,67903
01/30/25,DAC,DXB,04/25/25,Emirates,0,85,0,70302
01/30/25,DAC,DXB,04/26/25,Oman Air,1,86,440,67467
01/30/25,DAC,DXB,04/26/25,Emirates,0,86,290,67903
01/30/25,DAC,DXB,04/26/25,Emirates,0,86,0,67903
01/30/25,DAC,DXB,04/26/25,Emirates,0,86,0,67903
01/30/25,DAC,DXB,04/27/25,Emirates,0,87,290,71974
01/30/25,DAC,DXB,04/27/25,Emirates,0,87,0,71974
01/30/25,DAC,DXB,04/27/25,Emirates,0,87,0,71974
01/30/25,DAC,DXB,04/28/25,Biman,0,88,0,62641
01/30/25,DAC,DXB,04/28/25,Oman Air,1,88,440,73753
01/30/25,DAC,DXB,04/28/25,Emirates,0,88,290,81558
01/30/25,DAC,DXB,04/28/25,Emirates,0,88,0,81558
01/30/25,DAC,DXB,04/28/25,Emirates,0,88,0,81558
01/30/25,DAC,DXB,04/29/25,Oman Air,1,89,440,70115
01/30/25,DAC,DXB,04/29/25,Emirates,0,89,290,71974
01/30/25,DAC,DXB,04/29/25,Emirates,0,89,0,71974
01/30/25,DAC,DXB,04/30/25,Biman,0,90,0,63952
01/30/25,DAC,DXB,04/30/25,Emirates,0,90,290,71974
01/30/25,DAC,DXB,04/30/25,Emirates,0,90,0,71974
01/30/25,DAC,DXB,04/30/25,Emirates,0,90,0,71974
01/30/25,DAC,JED,02/01/25,IndiGo,1,2,0,128463
01/30/25,DAC,JED,02/01/25,Qatar Airways,1,2,615,170692
01/30/25,DAC,JED,02/02/25,"Biman, Etihad",2,3,1280,117922
01/30/25,DAC,JED,02/02/25,IndiGo,1,3,0,151850
01/30/25,DAC,JED,02/02/25,Qatar Airways,1,3,615,153296
01/30/25,DAC,JED,02/02/25,Emirates,1,3,680,160268
01/30/25,DAC,JED,02/03/25,Biman,1,4,630,99580
01/30/25,DAC,JED,02/03/25,Saudia,0,4,460,183790
01/30/25,DAC,JED,02/04/25,IndiGo,1,5,0,136957
01/30/25,DAC,JED,02/04/25,Emirates,1,5,680,157508
01/30/25,DAC,JED,02/04/25,Saudia,0,5,460,161292
01/30/25,DAC,JED,02/05/25,IndiGo,1,6,0,136615
01/30/25,DAC,JED,02/05/25,Emirates,1,6,680,173704
01/30/25,DAC,JED,02/05/25,Saudia,0,6,460,183791
01/30/25,DAC,JED,02/06/25,Qatar Airways,1,7,1235,118704
01/30/25,DAC,JED,02/06/25,Saudia,0,7,460,157982
01/30/25,DAC,JED,02/06/25,Saudia,0,7,460,157982
01/30/25,DAC,JED,02/06/25,IndiGo,1,7,0,164280
01/30/25,DAC,JED,02/06/25,Emirates,1,7,640,185223
01/30/25,DAC,JED,02/07/25,Air Arabia,1,8,850,111681
01/30/25,DAC,JED,02/07/25,Emirates,1,8,680,157508
01/30/25,DAC,JED,02/07/25,Saudia,0,8,460,157982
01/30/25,DAC,JED,02/07/25,Saudia,0,8,460,157982
01/30/25,DAC,JED,02/08/25,IndiGo,1,9,0,134558
01/30/25,DAC,JED,02/08/25,Saudia,0,9,460,155707
01/30/25,DAC,JED,02/08/25,Emirates,1,9,680,166987
01/30/25,DAC,JED,02/09/25,IndiGo,1,10,0,131092
01/30/25,DAC,JED,02/09/25,Saudia,0,10,460,155707
01/30/25,DAC,JED,02/10/25,Biman,1,11,630,99723
01/30/25,DAC,JED,02/10/25,IndiGo,1,11,0,134616
01/30/25,DAC,JED,02/10/25,Saudia,0,11,460,155707
01/30/25,DAC,JED,02/11/25,IndiGo,1,12,0,141966
01/30/25,DAC,JED,02/11/25,Saudia,0,12,460,153425
01/30/25,DAC,JED,02/11/25,Saudia,0,12,460,153425
01/30/25,DAC,JED,02/12/25,IndiGo,1,13,0,131350
01/30/25,DAC,JED,02/12/25,Saudia,0,13,460,155707
01/30/25,DAC,JED,02/13/25,IndiGo,1,14,0,137275
01/30/25,DAC,JED,02/13/25,Saudia,0,14,460,172563
01/30/25,DAC,JED,02/14/25,IndiGo,1,15,0,111143
01/30/25,DAC,JED,02/14/25,Saudia,0,15,460,155707
01/30/25,DAC,JED,02/14/25,Saudia,0,15,460,155707
01/30/25,DAC,JED,02/15/25,Air Arabia,1,16,850,114430
01/30/25,DAC,JED,02/15/25,Gulf Air,1,16,830,137163
01/30/25,DAC,JED,02/15/25,Saudia,0,16,460,155707
01/30/25,DAC,JED,02/16/25,Air Arabia,1,17,940,118072
01/30/25,DAC,JED,02/16/25,flydubai,1,17,725,125523
01/30/25,DAC,JED,02/16/25,IndiGo,1,17,0,127676
01/30/25,DAC,JED,02/17/25,"Biman, Etihad",2,18,1180,119122
01/30/25,DAC,JED,02/17/25,IndiGo,1,18,0,123875
01/30/25,DAC,JED,02/17/25,Gulf Air,1,18,830,137163
01/30/25,DAC,JED,02/17/25,Saudia,0,18,460,155707
01/30/25,DAC,JED,02/18/25,"Biman, Saudia",1,19,0,89089
01/30/25,DAC,JED,02/18/25,"Biman, Saudia",1,19,0,106525
01/30/25,DAC,JED,02/18/25,"Biman, Saudia",1,19,0,108829
01/30/25,DAC,JED,02/19/25,Air Arabia,1,20,940,118403
01/30/25,DAC,JED,02/19/25,Air Arabia,1,20,850,120886
01/30/25,DAC,JED,02/19/25,Gulf Air,1,20,830,145441
01/30/25,DAC,JED,02/19/25,Saudia,0,20,460,165306
01/30/25,DAC,JED,02/20/25,Air Arabia,1,21,580,130452
01/30/25,DAC,JED,02/20/25,flydubai,1,21,725,135792
01/30/25,DAC,JED,02/21/25,Air Arabia,1,22,940,126082
01/30/25,DAC,JED,02/21/25,Air Arabia,1,22,850,128565
01/30/25,DAC,JED,02/21/25,Saudia,0,22,460,165306
01/30/25,DAC,JED,02/22/25,flydubai,1,23,725,125523
01/30/25,DAC,JED,02/22/25,Qatar Airways,1,23,580,135419
01/30/25,DAC,JED,02/22/25,Gulf Air,1,23,830,137163
01/30/25,DAC,JED,02/23/25,Air Arabia,1,24,675,107038
01/30/25,DAC,JED,02/23/25,Air Arabia,1,24,580,123964
01/30/25,DAC,JED,02/23/25,Qatar Airways,1,24,615,130140
01/30/25,DAC,JED,02/23/25,IndiGo,1,24,0,132499
01/30/25,DAC,JED,02/24/25,Air Arabia,1,25,850,108214
01/30/25,DAC,JED,02/24/25,IndiGo,1,25,0,117576
01/30/25,DAC,JED,02/24/25,Qatar Airways,1,25,580,129060
01/30/25,DAC,JED,02/25/25,IndiGo,1,26,0,109742
01/30/25,DAC,JED,02/25/25,Qatar Airways,1,26,995,129060
01/30/25,DAC,JED,02/25/25,flydubai,1,26,710,135694
01/30/25,DAC,JED,02/26/25,flydubai,1,27,725,125425
01/30/25,DAC,JED,02/26/25,Qatar Airways,1,27,580,129060
01/30/25,DAC,JED,02/26/25,Gulf Air,1,27,830,137163
01/30/25,DAC,JED,02/28/25,Air Arabia,1,29,940,102322
01/30/25,DAC,JED,02/28/25,IndiGo,1,29,0,120100
01/30/25,DAC,JED,02/28/25,flydubai,1,29,710,125425
01/30/25,DAC,JED,03/01/25,Air Arabia,1,30,850,121051
01/30/25,DAC,JED,03/01/25,flydubai,1,30,710,125425
01/30/25,DAC,JED,03/01/25,Oman Air,1,30,0,126879
01/30/25,DAC,JED,03/01/25,Saudia,0,30,460,131174
01/30/25,DAC,JED,03/02/25,IndiGo,1,31,0,90470
01/30/25,DAC,JED,03/02/25,Saudia,0,31,460,131174
01/30/25,DAC,JED,03/03/25,IndiGo,1,32,0,92468
01/30/25,DAC,JED,03/03/25,Air Arabia,1,32,580,113934
01/30/25,DAC,JED,03/03/25,Emirates,1,32,640,124514
01/30/25,DAC,JED,03/04/25,IndiGo,1,33,975,94862
01/30/25,DAC,JED,03/04/25,Air Arabia,1,33,580,108903
01/30/25,DAC,JED,03/04/25,Saudia,0,33,460,127095
01/30/25,DAC,JED,03/04/25,Biman,0,33,0,127850
01/30/25,DAC,JED,03/05/25,IndiGo,1,34,0,99906
01/30/25,DAC,JED,03/05/25,"Biman, Saudia",1,34,750,106319
01/30/25,DAC,JED,03/06/25,Emirates,1,35,640,116235
01/30/25,DAC,JED,03/06/25,Saudia,0,35,460,117496
01/30/25,DAC,JED,03/07/25,IndiGo,1,36,0,87947
01/30/25,DAC,JED,03/07/25,IndiGo,1,36,0,94553
01/30/25,DAC,JED,03/07/25,Qatar Airways,1,36,615,103744
01/30/25,DAC,JED,03/07/25,Saudia,0,36,460,110057
01/30/25,DAC,JED,03/07/25,Saudia,0,36,460,110057
01/30/25,DAC,JED,03/08/25,IndiGo,1,37,0,91741
01/30/25,DAC,JED,03/08/25,Biman,0,37,0,100855
01/30/25,DAC,JED,03/08/25,Saudia,0,37,460,110057
01/30/25,DAC,JED,03/09/25,IndiGo,1,38,0,85828
01/30/25,DAC,JED,03/09/25,IndiGo,1,38,0,89444
01/30/25,DAC,JED,03/09/25,Emirates,1,38,640,107836
01/30/25,DAC,JED,03/09/25,Saudia,0,38,460,110057
01/30/25,DAC,JED,03/09/25,Saudia,0,38,460,110057
01/30/25,DAC,JED,03/10/25,IndiGo,1,39,0,77841
01/30/25,DAC,JED,03/10/25,IndiGo,1,39,0,82747
01/30/25,DAC,JED,03/10/25,Saudia,0,39,460,110057
01/30/25,DAC,JED,03/11/25,Biman,0,40,0,106854
01/30/25,DAC,JED,03/11/25,Saudia,0,40,460,110057
01/30/25,DAC,JED,03/11/25,Saudia,0,40,460,110057
01/30/25,DAC,JED,03/11/25,Saudia,0,40,460,110057
01/30/25,DAC,JED,03/12/25,IndiGo,1,41,990,79816
01/30/25,DAC,JED,03/12/25,IndiGo,1,41,0,84156
01/30/25,DAC,JED,03/12/25,Saudia,0,41,460,110057
01/30/25,DAC,JED,03/13/25,IndiGo,1,42,1030,79475
01/30/25,DAC,JED,03/13/25,IndiGo,1,42,0,87116
01/30/25,DAC,JED,03/13/25,Saudia,0,42,460,110056
01/30/25,DAC,JED,03/14/25,Qatar Airways,1,43,1085,74889
01/30/25,DAC,JED,03/14/25,IndiGo,1,43,0,84219
01/30/25,DAC,JED,03/14/25,Emirates,1,43,640,98357
01/30/25,DAC,JED,03/15/25,IndiGo,1,44,0,84219
01/30/25,DAC,JED,03/15/25,Emirates,1,44,640,98358
01/30/25,DAC,JED,03/15/25,Biman,0,44,0,100855
01/30/25,DAC,JED,03/15/25,Saudia,0,44,460,114733
01/30/25,DAC,JED,03/16/25,IndiGo,1,45,0,92869
01/30/25,DAC,JED,03/16/25,Air Arabia,1,45,580,106817
01/30/25,DAC,JED,03/16/25,Emirates,1,45,665,110116
01/30/25,DAC,JED,03/16/25,Saudia,0,45,460,114733
01/30/25,DAC,JED,03/16/25,Saudia,0,45,460,114733
01/30/25,DAC,JED,03/17/25,IndiGo,1,46,0,97856
01/30/25,DAC,JED,03/17/25,Air Arabia,1,46,580,102348
01/30/25,DAC,JED,03/17/25,Biman,1,46,610,103854
01/30/25,DAC,JED,03/17/25,Saudia,0,46,460,114733
01/30/25,DAC,JED,03/17/25,Saudia,0,46,460,119292
01/30/25,DAC,JED,03/18/25,Gulf Air,1,47,1340,82949
01/30/25,DAC,JED,03/18/25,Biman,0,47,0,103854
01/30/25,DAC,JED,03/18/25,Saudia,0,47,460,114733
01/30/25,DAC,JED,03/19/25,Air Arabia,1,48,1245,82279
01/30/25,DAC,JED,03/19/25,IndiGo,1,48,0,97856
01/30/25,DAC,JED,03/19/25,Gulf Air,1,48,830,107648
01/30/25,DAC,JED,03/20/25,IndiGo,1,49,0,99829
01/30/25,DAC,JED,03/20/25,Gulf Air,1,49,830,100570
01/30/25,DAC,JED,03/20/25,Biman,1,49,605,103854
01/30/25,DAC,JED,03/20/25,Saudia,0,49,460,114733
01/30/25,DAC,JED,03/21/25,Air Arabia,1,50,675,80024
01/30/25,DAC,JED,03/21/25,Air Arabia,1,50,850,80024
01/30/25,DAC,JED,03/21/25,Air Arabia,1,50,580,88281
01/30/25,DAC,JED,03/21/25,Gulf Air,1,50,685,100570
01/30/25,DAC,JED,03/22/25,Air Arabia,1,51,580,88281
01/30/25,DAC,JED,03/22/25,Biman,0,51,0,103854
01/30/25,DAC,JED,03/22/25,Saudia,0,51,460,114733
01/30/25,DAC,JED,03/23/25,Air Arabia,1,52,675,88314
01/30/25,DAC,JED,03/23/25,Air Arabia,1,52,850,88314
01/30/25,DAC,JED,03/23/25,Air Arabia,1,52,580,88678
01/30/25,DAC,JED,03/24/25,Air Arabia,1,53,675,87950
01/30/25,DAC,JED,03/24/25,Air Arabia,1,53,850,87950
01/30/25,DAC,JED,03/24/25,Air Arabia,1,53,580,88314
01/30/25,DAC,JED,03/24/25,Gulf Air,1,53,830,100570
01/30/25,DAC,JED,03/24/25,Saudia,0,53,460,116633
01/30/25,DAC,JED,03/25/25,Air Arabia,1,54,675,87732
01/30/25,DAC,JED,03/25/25,Air Arabia,1,54,850,87732
01/30/25,DAC,JED,03/25/25,Air Arabia,1,54,580,90168
01/30/25,DAC,JED,03/25/25,IndiGo,1,54,0,95541
01/30/25,DAC,JED,03/26/25,Air Arabia,1,55,580,88314
01/30/25,DAC,JED,03/26/25,IndiGo,1,55,0,95541
01/30/25,DAC,JED,03/26/25,Saudia,0,55,460,104418
01/30/25,DAC,JED,03/27/25,Air Arabia,1,56,675,87553
01/30/25,DAC,JED,03/27/25,Air Arabia,1,56,580,87917
01/30/25,DAC,JED,03/27/25,Saudia,0,56,460,102139
01/30/25,DAC,JED,03/28/25,Air Arabia,1,57,675,91062
01/30/25,DAC,JED,03/28/25,Air Arabia,1,57,850,91062
01/30/25,DAC,JED,03/28/25,Air Arabia,1,57,580,91426
01/30/25,DAC,JED,03/28/25,Saudia,0,57,460,99859
01/30/25,DAC,JED,03/28/25,Saudia,0,57,460,99859
01/30/25,DAC,JED,03/29/25,Air Arabia,1,58,675,82654
01/30/25,DAC,JED,03/29/25,Air Arabia,1,58,830,82654
01/30/25,DAC,JED,03/29/25,Air Arabia,1,58,580,83018
01/30/25,DAC,JED,03/29/25,Saudia,0,58,460,104414
01/30/25,DAC,JED,03/29/25,Saudia,0,58,460,104414
01/30/25,DAC,JED,03/30/25,Air Arabia,1,59,595,82422
01/30/25,DAC,JED,03/30/25,Air Arabia,1,59,825,82422
01/30/25,DAC,JED,03/30/25,Saudia,0,59,460,99859
01/30/25,DAC,JED,03/30/25,Saudia,0,59,415,99859
01/30/25,DAC,JED,03/31/25,Air Arabia,1,60,595,80767
01/30/25,DAC,JED,03/31/25,Air Arabia,1,60,825,80767
01/30/25,DAC,JED,03/31/25,Saudia,0,60,415,99859
01/30/25,DAC,JED,03/31/25,Saudia,0,60,415,99859
01/30/25,DAC,JED,03/31/25,Gulf Air,1,60,525,100570
01/30/25,DAC,JED,04/01/25,Air Arabia,1,61,595,80767
01/30/25,DAC,JED,04/01/25,Air Arabia,1,61,825,80767
01/30/25,DAC,JED,04/01/25,Saudia,0,61,415,99859
01/30/25,DAC,JED,04/01/25,Saudia,0,61,415,99859
01/30/25,DAC,JED,04/01/25,Saudia,0,61,415,99859
01/30/25,DAC,JED,04/02/25,Air Arabia,1,62,765,80767
01/30/25,DAC,JED,04/02/25,Air Arabia,1,62,825,80767
01/30/25,DAC,JED,04/02/25,Saudia,0,62,415,102139
01/30/25,DAC,JED,04/02/25,Gulf Air,1,62,525,103569
01/30/25,DAC,JED,04/03/25,Air Arabia,1,63,765,73883
01/30/25,DAC,JED,04/03/25,Air Arabia,1,63,825,80767
01/30/25,DAC,JED,04/03/25,Saudia,0,63,415,99859
01/30/25,DAC,JED,04/04/25,Air Arabia,1,64,595,74247
01/30/25,DAC,JED,04/04/25,Air Arabia,1,64,825,74247
01/30/25,DAC,JED,04/04/25,Saudia,0,64,415,102139
01/30/25,DAC,JED,04/05/25,Air Arabia,1,65,1180,74247
01/30/25,DAC,JED,04/05/25,Saudia,0,65,415,102139
01/30/25,DAC,JED,04/05/25,Biman,0,65,415,103854
01/30/25,DAC,JED,04/06/25,Air Arabia,1,66,1180,74246
01/30/25,DAC,JED,04/06/25,IndiGo,1,66,665,96787
01/30/25,DAC,JED,04/06/25,Saudia,0,66,415,102139
01/30/25,DAC,JED,04/06/25,Saudia,0,66,415,102139
01/30/25,DAC,JED,04/07/25,Air Arabia,1,67,1180,73883
01/30/25,DAC,JED,04/07/25,IndiGo,1,67,665,93299
01/30/25,DAC,JED,04/07/25,Saudia,0,67,415,102139
01/30/25,DAC,JED,04/07/25,Gulf Air,1,67,525,103569
01/30/25,DAC,JED,04/08/25,Air Arabia,1,68,1180,73883
01/30/25,DAC,JED,04/08/25,Biman,0,68,415,101008
01/30/25,DAC,JED,04/08/25,Saudia,0,68,415,102139
01/30/25,DAC,JED,04/09/25,Air Arabia,1,69,1180,73883
01/30/25,DAC,JED,04/09/25,IndiGo,1,69,665,93299
01/30/25,DAC,JED,04/09/25,Gulf Air,1,69,525,103569
01/30/25,DAC,JED,04/09/25,Saudia,0,69,415,104418
01/30/25,DAC,JED,04/09/25,Saudia,0,69,415,104418
01/30/25,DAC,JED,04/10/25,Air Arabia,1,70,825,74246
01/30/25,DAC,JED,04/10/25,IndiGo,1,70,665,93299
01/30/25,DAC,JED,04/10/25,Saudia,0,70,415,102139
01/30/25,DAC,JED,04/11/25,Air Arabia,1,71,1180,74247
01/30/25,DAC,JED,04/11/25,IndiGo,1,71,665,89635
01/30/25,DAC,JED,04/11/25,Saudia,0,71,415,102139
01/30/25,DAC,JED,04/12/25,Air Arabia,1,72,1180,74247
01/30/25,DAC,JED,04/12/25,IndiGo,1,72,665,87251
01/30/25,DAC,JED,04/12/25,Biman,0,72,415,97855
01/30/25,DAC,JED,04/12/25,Saudia,0,72,415,102139
01/30/25,DAC,JED,04/13/25,Air Arabia,1,73,1180,74247
01/30/25,DAC,JED,04/13/25,IndiGo,1,73,665,87251
01/30/25,DAC,JED,04/13/25,Saudia,0,73,415,102139
01/30/25,DAC,JED,04/14/25,Air Arabia,1,74,1180,73883
01/30/25,DAC,JED,04/14/25,IndiGo,1,74,665,93299
01/30/25,DAC,JED,04/14/25,Biman,1,74,525,97420
01/30/25,DAC,JED,04/14/25,Saudia,0,74,415,102139
01/30/25,DAC,JED,04/15/25,Air Arabia,1,75,1180,73882
01/30/25,DAC,JED,04/15/25,Biman,0,75,415,95009
01/30/25,DAC,JED,04/15/25,Saudia,0,75,415,102139
01/30/25,DAC,JED,04/16/25,Air Arabia,1,76,1180,73883
01/30/25,DAC,JED,04/16/25,Emirates,1,76,580,96286
01/30/25,DAC,JED,04/16/25,Saudia,0,76,415,102139
01/30/25,DAC,JED,04/17/25,Air Arabia,1,77,765,79080
01/30/25,DAC,JED,04/17/25,Saudia,0,77,415,102139
01/30/25,DAC,JED,04/17/25,Saudia,0,77,415,102139
01/30/25,DAC,JED,04/17/25,Saudia,0,77,415,102139
01/30/25,DAC,JED,04/18/25,Air Arabia,1,78,765,87916
01/30/25,DAC,JED,04/18/25,Emirates,1,78,580,99166
01/30/25,DAC,JED,04/18/25,Saudia,0,78,415,102139
01/30/25,DAC,JED,04/19/25,Air Arabia,1,79,1180,74247
01/30/25,DAC,JED,04/19/25,Emirates,1,79,635,96286
01/30/25,DAC,JED,04/19/25,Biman,0,79,415,97855
01/30/25,DAC,JED,04/19/25,Saudia,0,79,415,102139
01/30/25,DAC,JED,04/20/25,Air Arabia,1,80,765,74246
01/30/25,DAC,JED,04/20/25,Air Arabia,1,80,1180,74246
01/30/25,DAC,JED,04/20/25,IndiGo,1,80,665,91846
01/30/25,DAC,JED,04/20/25,Emirates,1,80,580,99166
01/30/25,DAC,JED,04/20/25,Saudia,0,80,415,102139
01/30/25,DAC,JED,04/21/25,Air Arabia,1,81,765,80767
01/30/25,DAC,JED,04/21/25,Saudia,0,81,415,102139
01/30/25,DAC,JED,04/22/25,Air Arabia,1,82,765,73883
01/30/25,DAC,JED,04/22/25,Biman,0,82,415,95009
01/30/25,DAC,JED,04/22/25,Saudia,0,82,415,102139
01/30/25,DAC,JED,04/23/25,Air Arabia,1,83,765,73883
01/30/25,DAC,JED,04/23/25,Air Arabia,1,83,1180,73883
01/30/25,DAC,JED,04/23/25,Emirates,1,83,580,96286
01/30/25,DAC,JED,04/23/25,Saudia,0,83,415,109934
01/30/25,DAC,JED,04/24/25,Air Arabia,1,84,825,74247
01/30/25,DAC,JED,04/24/25,Saudia,0,84,415,102139
01/30/25,DAC,JED,04/24/25,Saudia,0,84,415,102139
01/30/25,DAC,JED,04/24/25,Saudia,0,84,415,102139
01/30/25,DAC,JED,04/25/25,Air Arabia,1,85,765,80767
01/30/25,DAC,JED,04/25/25,Saudia,0,85,415,103407
01/30/25,DAC,JED,04/26/25,Air Arabia,1,86,765,74246
01/30/25,DAC,JED,04/26/25,Air Arabia,1,86,825,74246
01/30/25,DAC,JED,04/26/25,Biman,0,86,415,95009
01/30/25,DAC,JED,04/26/25,Saudia,0,86,415,102139
01/30/25,DAC,JED,04/27/25,Air Arabia,1,87,765,74247
01/30/25,DAC,JED,04/27/25,Air Arabia,1,87,825,74247
01/30/25,DAC,JED,04/27/25,Saudia,0,87,415,104304
01/30/25,DAC,JED,04/28/25,Air Arabia,1,88,765,85301
01/30/25,DAC,JED,04/28/25,Emirates,1,88,580,99166
01/30/25,DAC,JED,04/29/25,Air Arabia,1,89,765,73883
01/30/25,DAC,JED,04/29/25,Air Arabia,1,89,1180,73883
01/30/25,DAC,JED,04/29/25,Emirates,1,89,580,96286
01/30/25,DAC,JED,04/30/25,Air Arabia,1,90,1180,73882
01/30/25,DAC,JED,04/30/25,Emirates,1,90,580,96286
01/30/25,DAC,JED,04/30/25,Qatar Airways,1,90,625,99785
01/30/25,DAC,SIN,02/01/25,Biman,0,2,255,48203
01/30/25,DAC,SIN,02/01/25,IndiGo,1,2,785,68699
01/30/25,DAC,SIN,02/01/25,Batik Air,1,2,370,98892
01/30/25,DAC,SIN,02/01/25,THAI,1,2,1175,111315
01/30/25,DAC,SIN,02/02/25,Biman,0,3,255,50603
01/30/25,DAC,SIN,02/02/25,China Eastern,1,3,1120,65231
01/30/25,DAC,SIN,02/02/25,IndiGo,1,3,785,68699
01/30/25,DAC,SIN,02/03/25,Biman,0,4,255,51747
01/30/25,DAC,SIN,02/03/25,IndiGo,1,4,785,54794
01/30/25,DAC,SIN,02/03/25,THAI,1,4,1175,64643
01/30/25,DAC,SIN,02/03/25,AirAsia,1,4,385,71873
01/30/25,DAC,SIN,02/04/25,IndiGo,1,5,785,49087
01/30/25,DAC,SIN,02/04/25,THAI,1,5,435,61933
01/30/25,DAC,SIN,02/04/25,THAI,1,5,400,61933
01/30/25,DAC,SIN,02/04/25,Biman,0,5,255,66976
01/30/25,DAC,SIN,02/05/25,Batik Air,1,6,880,49256
01/30/25,DAC,SIN,02/05/25,IndiGo,1,6,785,53682
01/30/25,DAC,SIN,02/05/25,THAI,1,6,435,61933
01/30/25,DAC,SIN,02/05/25,THAI,1,6,400,61933
01/30/25,DAC,SIN,02/05/25,Biman,0,6,255,74415
01/30/25,DAC,SIN,02/06/25,IndiGo,1,7,785,46947
01/30/25,DAC,SIN,02/06/25,THAI,1,7,400,61933
01/30/25,DAC,SIN,02/06/25,IndiGo,1,7,585,62814
01/30/25,DAC,SIN,02/07/25,IndiGo,1,8,785,43635
01/30/25,DAC,SIN,02/07/25,IndiGo,1,8,585,48431
01/30/25,DAC,SIN,02/07/25,THAI,1,8,400,61933
01/30/25,DAC,SIN,02/07/25,Biman,0,8,255,72615
01/30/25,DAC,SIN,02/08/25,Batik Air,1,9,0,45148
01/30/25,DAC,SIN,02/08/25,IndiGo,1,9,585,46207
01/30/25,DAC,SIN,02/08/25,THAI,1,9,400,61933
01/30/25,DAC,SIN,02/09/25,IndiGo,1,10,785,45661
01/30/25,DAC,SIN,02/09/25,Biman,0,10,255,61217
01/30/25,DAC,SIN,02/09/25,THAI,1,10,400,61933
01/30/25,DAC,SIN,02/10/25,IndiGo,1,11,585,51619
01/30/25,DAC,SIN,02/10/25,THAI,1,11,650,55574
01/30/25,DAC,SIN,02/10/25,Biman,0,11,255,65176
01/30/25,DAC,SIN,02/11/25,IndiGo,1,12,785,45775
01/30/25,DAC,SIN,02/11/25,THAI,1,12,400,55574
01/30/25,DAC,SIN,02/11/25,Biman,0,12,255,63616
01/30/25,DAC,SIN,02/12/25,IndiGo,1,13,585,44645
01/30/25,DAC,SIN,02/12/25,THAI,1,13,400,55574
01/30/25,DAC,SIN,02/12/25,Biman,0,13,255,66976
01/30/25,DAC,SIN,02/13/25,IndiGo,1,14,585,47597
01/30/25,DAC,SIN,02/13/25,THAI,1,14,400,55574
01/30/25,DAC,SIN,02/13/25,Biman,0,14,255,65176
01/30/25,DAC,SIN,02/14/25,IndiGo,1,15,585,45940
01/30/25,DAC,SIN,02/14/25,THAI,1,15,400,55574
01/30/25,DAC,SIN,02/14/25,Biman,0,15,255,61817
01/30/25,DAC,SIN,02/15/25,IndiGo,1,16,785,36764
01/30/25,DAC,SIN,02/15/25,IndiGo,1,16,585,43950
01/30/25,DAC,SIN,02/15/25,THAI,1,16,650,55574
01/30/25,DAC,SIN,02/15/25,Biman,0,16,255,65176
01/30/25,DAC,SIN,02/16/25,IndiGo,1,17,785,42791
01/30/25,DAC,SIN,02/16/25,IndiGo,1,17,585,50916
01/30/25,DAC,SIN,02/16/25,THAI,1,17,400,61933
01/30/25,DAC,SIN,02/17/25,IndiGo,1,18,785,38588
01/30/25,DAC,SIN,02/17/25,IndiGo,1,18,585,44901
01/30/25,DAC,SIN,02/17/25,THAI,1,18,400,55574
01/30/25,DAC,SIN,02/17/25,Biman,0,18,255,65176
01/30/25,DAC,SIN,02/18/25,IndiGo,1,19,1075,41114
01/30/25,DAC,SIN,02/18/25,IndiGo,1,19,785,41491
01/30/25,DAC,SIN,02/18/25,IndiGo,1,19,585,46875
01/30/25,DAC,SIN,02/18/25,THAI,1,19,400,55574
01/30/25,DAC,SIN,02/18/25,Biman,0,19,255,57617
01/30/25,DAC,SIN,02/19/25,IndiGo,1,20,1075,37362
01/30/25,DAC,SIN,02/19/25,IndiGo,1,20,785,39261
01/30/25,DAC,SIN,02/19/25,IndiGo,1,20,585,40197
01/30/25,DAC,SIN,02/19/25,THAI,1,20,400,55574
01/30/25,DAC,SIN,02/19/25,Biman,0,20,255,61817
01/30/25,DAC,SIN,02/20/25,IndiGo,1,21,1075,38057
01/30/25,DAC,SIN,02/20/25,IndiGo,1,21,785,39261
01/30/25,DAC,SIN,02/20/25,IndiGo,1,21,585,40892
01/30/25,DAC,SIN,02/20/25,Biman,0,21,255,59417
01/30/25,DAC,SIN,02/20/25,THAI,1,21,435,61933
01/30/25,DAC,SIN,02/21/25,IndiGo,1,22,1075,40614
01/30/25,DAC,SIN,02/21/25,IndiGo,1,22,585,42816
01/30/25,DAC,SIN,02/21/25,THAI,1,22,650,55574
01/30/25,DAC,SIN,02/21/25,Biman,0,22,255,65176
01/30/25,DAC,SIN,02/22/25,IndiGo,1,23,1075,38439
01/30/25,DAC,SIN,02/22/25,IndiGo,1,23,785,38588
01/30/25,DAC,SIN,02/22/25,IndiGo,1,23,585,39502
01/30/25,DAC,SIN,02/22/25,THAI,1,23,400,55574
01/30/25,DAC,SIN,02/22/25,Biman,0,23,255,61817
01/30/25,DAC,SIN,02/23/25,IndiGo,1,24,785,36000
01/30/25,DAC,SIN,02/23/25,IndiGo,1,24,585,44645
01/30/25,DAC,SIN,02/23/25,THAI,1,24,400,61933
01/30/25,DAC,SIN,02/23/25,Biman,0,24,255,63616
01/30/25,DAC,SIN,02/24/25,IndiGo,1,25,1075,37779
01/30/25,DAC,SIN,02/24/25,IndiGo,1,25,785,39700
01/30/25,DAC,SIN,02/24/25,IndiGo,1,25,585,40614
01/30/25,DAC,SIN,02/24/25,THAI,1,25,400,55574
01/30/25,DAC,SIN,02/24/25,Biman,0,25,255,59417
01/30/25,DAC,SIN,02/25/25,IndiGo,1,26,785,38571
01/30/25,DAC,SIN,02/25/25,IndiGo,1,26,585,39551
01/30/25,DAC,SIN,02/25/25,Biman,0,26,255,59417
01/30/25,DAC,SIN,02/26/25,IndiGo,1,27,785,35305
01/30/25,DAC,SIN,02/26/25,IndiGo,1,27,585,38189
01/30/25,DAC,SIN,02/26/25,Biman,0,27,255,57617
01/30/25,DAC,SIN,02/27/25,IndiGo,1,28,785,35305
01/30/25,DAC,SIN,02/27/25,IndiGo,1,28,585,38189
01/30/25,DAC,SIN,02/27/25,THAI,1,28,400,55574
01/30/25,DAC,SIN,02/27/25,Biman,0,28,255,61817
01/30/25,DAC,SIN,02/28/25,IndiGo,1,29,1075,36667
01/30/25,DAC,SIN,02/28/25,IndiGo,1,29,585,39502
01/30/25,DAC,SIN,02/28/25,IndiGo,1,29,785,41031
01/30/25,DAC,SIN,02/28/25,THAI,1,29,400,55574
01/30/25,DAC,SIN,02/28/25,Biman,0,29,255,61817
01/30/25,DAC,SIN,03/01/25,IndiGo,1,30,1075,37494
01/30/25,DAC,SIN,03/01/25,IndiGo,1,30,785,37737
01/30/25,DAC,SIN,03/01/25,IndiGo,1,30,585,39502
01/30/25,DAC,SIN,03/01/25,THAI,1,30,400,56231
01/30/25,DAC,SIN,03/01/25,Biman,0,30,255,59417
01/30/25,DAC,SIN,03/02/25,IndiGo,1,31,1075,36667
01/30/25,DAC,SIN,03/02/25,IndiGo,1,31,785,37737
01/30/25,DAC,SIN,03/02/25,IndiGo,1,31,585,41185
01/30/25,DAC,SIN,03/03/25,IndiGo,1,32,1075,36667
01/30/25,DAC,SIN,03/03/25,IndiGo,1,32,785,37331
01/30/25,DAC,SIN,03/03/25,IndiGo,1,32,585,39502
01/30/25,DAC,SIN,03/03/25,THAI,1,32,400,55574
01/30/25,DAC,SIN,03/03/25,Biman,0,32,255,59417
01/30/25,DAC,SIN,03/04/25,IndiGo,1,33,585,36667
01/30/25,DAC,SIN,03/04/25,IndiGo,1,33,785,37261
01/30/25,DAC,SIN,03/04/25,THAI,1,33,400,55574
01/30/25,DAC,SIN,03/04/25,Biman,0,33,255,59417
01/30/25,DAC,SIN,03/05/25,IndiGo,1,34,1075,36667
01/30/25,DAC,SIN,03/05/25,IndiGo,1,34,785,37261
01/30/25,DAC,SIN,03/05/25,IndiGo,1,34,585,37494
01/30/25,DAC,SIN,03/05/25,Biman,0,34,255,57617
01/30/25,DAC,SIN,03/06/25,IndiGo,1,35,585,36667
01/30/25,DAC,SIN,03/06/25,IndiGo,1,35,785,37261
01/30/25,DAC,SIN,03/06/25,THAI,1,35,400,55574
01/30/25,DAC,SIN,03/06/25,Biman,0,35,255,57617
01/30/25,DAC,SIN,03/07/25,IndiGo,1,36,585,36667
01/30/25,DAC,SIN,03/07/25,IndiGo,1,36,785,37737
01/30/25,DAC,SIN,03/07/25,THAI,1,36,435,55574
01/30/25,DAC,SIN,03/07/25,Biman,0,36,255,57617
01/30/25,DAC,SIN,03/08/25,IndiGo,1,37,585,36667
01/30/25,DAC,SIN,03/08/25,IndiGo,1,37,785,37261
01/30/25,DAC,SIN,03/08/25,THAI,1,37,400,55574
01/30/25,DAC,SIN,03/08/25,Biman,0,37,255,57617
01/30/25,DAC,SIN,03/09/25,IndiGo,1,38,1075,36667
01/30/25,DAC,SIN,03/09/25,IndiGo,1,38,785,37261
01/30/25,DAC,SIN,03/09/25,IndiGo,1,38,585,39502
01/30/25,DAC,SIN,03/09/25,Biman,0,38,255,57617
01/30/25,DAC,SIN,03/10/25,IndiGo,1,39,585,36667
01/30/25,DAC,SIN,03/10/25,IndiGo,1,39,785,37261
01/30/25,DAC,SIN,03/10/25,Biman,0,39,255,57617
01/30/25,DAC,SIN,03/11/25,IndiGo,1,40,585,36667
01/30/25,DAC,SIN,03/11/25,IndiGo,1,40,785,37261
01/30/25,DAC,SIN,03/11/25,Singapore Airlines,0,40,245,56563
01/30/25,DAC,SIN,03/11/25,Biman,0,40,255,57617
01/30/25,DAC,SIN,03/12/25,IndiGo,1,41,585,36667
01/30/25,DAC,SIN,03/12/25,IndiGo,1,41,785,37737
01/30/25,DAC,SIN,03/12/25,Biman,0,41,255,57617
01/30/25,DAC,SIN,03/13/25,IndiGo,1,42,585,36667
01/30/25,DAC,SIN,03/13/25,IndiGo,1,42,785,37737
01/30/25,DAC,SIN,03/13/25,THAI,1,42,400,55574
01/30/25,DAC,SIN,03/13/25,Biman,0,42,255,57617
01/30/25,DAC,SIN,03/14/25,IndiGo,1,43,585,37494
01/30/25,DAC,SIN,03/14/25,IndiGo,1,43,785,37737
01/30/25,DAC,SIN,03/14/25,Biman,0,43,255,57617
01/30/25,DAC,SIN,03/15/25,IndiGo,1,44,785,37737
01/30/25,DAC,SIN,03/15/25,IndiGo,1,44,585,38439
01/30/25,DAC,SIN,03/15/25,Biman,0,44,255,57617
01/30/25,DAC,SIN,03/16/25,IndiGo,1,45,1075,36667
01/30/25,DAC,SIN,03/16/25,IndiGo,1,45,785,37737
01/30/25,DAC,SIN,03/16/25,IndiGo,1,45,585,39502
01/30/25,DAC,SIN,03/16/25,Biman,0,45,255,59417
01/30/25,DAC,SIN,03/17/25,IndiGo,1,46,585,36667
01/30/25,DAC,SIN,03/17/25,IndiGo,1,46,785,37737
01/30/25,DAC,SIN,03/17/25,Biman,0,46,255,57617
01/30/25,DAC,SIN,03/18/25,IndiGo,1,47,1075,36667
01/30/25,DAC,SIN,03/18/25,IndiGo,1,47,585,37494
01/30/25,DAC,SIN,03/18/25,IndiGo,1,47,785,37737
01/30/25,DAC,SIN,03/18/25,THAI,1,47,400,55574
01/30/25,DAC,SIN,03/18/25,Biman,0,47,255,59417
01/30/25,DAC,SIN,03/19/25,IndiGo,1,48,1075,36667
01/30/25,DAC,SIN,03/19/25,IndiGo,1,48,585,37494
01/30/25,DAC,SIN,03/19/25,IndiGo,1,48,785,37737
01/30/25,DAC,SIN,03/19/25,THAI,1,48,435,55574
01/30/25,DAC,SIN,03/19/25,Biman,0,48,255,59417
01/30/25,DAC,SIN,03/20/25,IndiGo,1,49,585,36667
01/30/25,DAC,SIN,03/20/25,IndiGo,1,49,785,37737
01/30/25,DAC,SIN,03/20/25,THAI,1,49,435,55574
01/30/25,DAC,SIN,03/20/25,Biman,0,49,255,57617
01/30/25,DAC,SIN,03/21/25,IndiGo,1,50,1075,37494
01/30/25,DAC,SIN,03/21/25,IndiGo,1,50,785,37737
01/30/25,DAC,SIN,03/21/25,IndiGo,1,50,585,38439
01/30/25,DAC,SIN,03/21/25,Biman,0,50,255,59417
01/30/25,DAC,SIN,03/22/25,IndiGo,1,51,785,37737
01/30/25,DAC,SIN,03/22/25,IndiGo,1,51,585,40542
01/30/25,DAC,SIN,03/22/25,Biman,0,51,255,59417
01/30/25,DAC,SIN,03/23/25,IndiGo,1,52,1075,36667
01/30/25,DAC,SIN,03/23/25,IndiGo,1,52,785,37737
01/30/25,DAC,SIN,03/23/25,IndiGo,1,52,585,39502
01/30/25,DAC,SIN,03/23/25,Biman,0,52,255,59417
01/30/25,DAC,SIN,03/24/25,IndiGo,1,53,785,37737
01/30/25,DAC,SIN,03/24/25,IndiGo,1,53,585,41185
01/30/25,DAC,SIN,03/24/25,Biman,0,53,255,57617
01/30/25,DAC,SIN,03/25/25,IndiGo,1,54,585,36667
01/30/25,DAC,SIN,03/25/25,IndiGo,1,54,785,37737
01/30/25,DAC,SIN,03/25/25,THAI,1,54,400,55574
01/30/25,DAC,SIN,03/26/25,IndiGo,1,55,585,37362
01/30/25,DAC,SIN,03/26/25,IndiGo,1,55,785,37737
01/30/25,DAC,SIN,03/26/25,THAI,1,55,400,55574
01/30/25,DAC,SIN,03/26/25,Biman,0,55,255,59417
01/30/25,DAC,SIN,03/27/25,IndiGo,1,56,585,36667
01/30/25,DAC,SIN,03/27/25,IndiGo,1,56,785,37737
01/30/25,DAC,SIN,03/27/25,THAI,1,56,400,55574
01/30/25,DAC,SIN,03/27/25,Biman,0,56,255,57617
01/30/25,DAC,SIN,03/27/25,Singapore Airlines,0,56,245,64242
01/30/25,DAC,SIN,03/28/25,IndiGo,1,57,585,38897
01/30/25,DAC,SIN,03/28/25,IndiGo,1,57,785,39967
01/30/25,DAC,SIN,03/28/25,THAI,1,57,400,55574
01/30/25,DAC,SIN,03/28/25,Biman,0,57,255,59417
01/30/25,DAC,SIN,03/29/25,IndiGo,1,58,585,38897
01/30/25,DAC,SIN,03/29/25,THAI,1,58,400,55574
01/30/25,DAC,SIN,03/29/25,Biman,0,58,255,57617
01/30/25,DAC,SIN,03/30/25,THAI,1,59,390,55574
01/30/25,DAC,SIN,03/30/25,Biman,0,59,255,57617
01/30/25,DAC,SIN,03/31/25,China Southern,1,60,675,53942
01/30/25,DAC,SIN,03/31/25,Biman,0,60,255,57617
01/30/25,DAC,SIN,03/31/25,Malaysia Airlines,1,60,370,60514
01/30/25,DAC,SIN,03/31/25,THAI,1,60,390,61933
01/30/25,DAC,SIN,04/01/25,China Southern,1,61,675,53942
01/30/25,DAC,SIN,04/01/25,Malaysia Airlines,1,61,370,60514
01/30/25,DAC,SIN,04/01/25,Biman,0,61,255,61817
01/30/25,DAC,SIN,04/01/25,THAI,1,61,390,61933
01/30/25,DAC,SIN,04/02/25,Biman,0,62,255,59417
01/30/25,DAC,SIN,04/02/25,Singapore Airlines,0,62,0,64242
01/30/25,DAC,SIN,04/03/25,Biman,0,63,255,59417
01/30/25,DAC,SIN,04/03/25,Malaysia Airlines,1,63,370,60514
01/30/25,DAC,SIN,04/03/25,THAI,1,63,390,61933
01/30/25,DAC,SIN,04/04/25,China Southern,1,64,675,53942
01/30/25,DAC,SIN,04/04/25,Biman,0,64,255,59442
01/30/25,DAC,SIN,04/04/25,THAI,1,64,390,61960
01/30/25,DAC,SIN,04/04/25,Malaysia Airlines,1,64,370,62346
01/30/25,DAC,SIN,04/05/25,China Southern,1,65,675,53942
01/30/25,DAC,SIN,04/05/25,Biman,0,65,255,59442
01/30/25,DAC,SIN,04/05/25,THAI,1,65,390,61960
01/30/25,DAC,SIN,04/05/25,Malaysia Airlines,1,65,370,62346
01/30/25,DAC,SIN,04/06/25,China Southern,1,66,675,53942
01/30/25,DAC,SIN,04/06/25,Biman,0,66,255,59417
01/30/25,DAC,SIN,04/06/25,THAI,1,66,390,61933
01/30/25,DAC,SIN,04/06/25,Malaysia Airlines,1,66,370,62313
01/30/25,DAC,SIN,04/07/25,THAI,1,67,585,55574
01/30/25,DAC,SIN,04/07/25,Biman,0,67,255,59417
01/30/25,DAC,SIN,04/08/25,THAI,1,68,390,55574
01/30/25,DAC,SIN,04/08/25,THAI,1,68,415,55574
01/30/25,DAC,SIN,04/08/25,Biman,0,68,255,59417
01/30/25,DAC,SIN,04/08/25,Malaysia Airlines,1,68,370,62313
01/30/25,DAC,SIN,04/09/25,THAI,1,69,390,55574
01/30/25,DAC,SIN,04/09/25,Singapore Airlines,0,69,0,56563
01/30/25,DAC,SIN,04/09/25,Biman,0,69,255,59417
01/30/25,DAC,SIN,04/10/25,THAI,1,70,390,55574
01/30/25,DAC,SIN,04/10/25,Biman,0,70,255,59417
01/30/25,DAC,SIN,04/10/25,Singapore Airlines,0,70,0,61722
01/30/25,DAC,SIN,04/11/25,THAI,1,71,585,55574
01/30/25,DAC,SIN,04/11/25,Singapore Airlines,0,71,0,56563
01/30/25,DAC,SIN,04/11/25,Biman,0,71,255,57617
01/30/25,DAC,SIN,04/12/25,Biman,0,72,255,59417
01/30/25,DAC,SIN,04/12/25,Singapore Airlines,0,72,0,61722
01/30/25,DAC,SIN,04/13/25,Singapore Airlines,0,73,0,56563
01/30/25,DAC,SIN,04/13/25,Biman,0,73,255,59417
01/30/25,DAC,SIN,04/14/25,Singapore Airlines,0,74,0,56563
01/30/25,DAC,SIN,04/14/25,Biman,0,74,255,59417
01/30/25,DAC,SIN,04/15/25,THAI,1,75,415,55574
01/30/25,DAC,SIN,04/15/25,Singapore Airlines,0,75,0,56563
01/30/25,DAC,SIN,04/15/25,Biman,0,75,255,59417
01/30/25,DAC,SIN,04/16/25,Singapore Airlines,0,76,0,56563
01/30/25,DAC,SIN,04/16/25,Biman,0,76,255,57617
01/30/25,DAC,SIN,04/17/25,THAI,1,77,390,55574
01/30/25,DAC,SIN,04/17/25,Singapore Airlines,0,77,0,56563
01/30/25,DAC,SIN,04/17/25,Biman,0,77,255,57617
01/30/25,DAC,SIN,04/18/25,THAI,1,78,390,55574
01/30/25,DAC,SIN,04/18/25,Singapore Airlines,0,78,0,56563
01/30/25,DAC,SIN,04/18/25,Biman,0,78,255,57617
01/30/25,DAC,SIN,04/19/25,Biman,0,79,255,57617
01/30/25,DAC,SIN,04/19/25,Singapore Airlines,0,79,0,61722
01/30/25,DAC,SIN,04/20/25,Biman,0,80,255,57617
01/30/25,DAC,SIN,04/20/25,Malaysia Airlines,1,80,595,60514
01/30/25,DAC,SIN,04/20/25,Singapore Airlines,0,80,0,61722
01/30/25,DAC,SIN,04/20/25,THAI,1,80,390,61933
01/30/25,DAC,SIN,04/21/25,Singapore Airlines,0,81,0,56563
01/30/25,DAC,SIN,04/21/25,Biman,0,81,255,57617
01/30/25,DAC,SIN,04/22/25,THAI,1,82,390,55574
01/30/25,DAC,SIN,04/22/25,Singapore Airlines,0,82,0,56563
01/30/25,DAC,SIN,04/22/25,Biman,0,82,255,59417
01/30/25,DAC,SIN,04/23/25,Singapore Airlines,0,83,0,56563
01/30/25,DAC,SIN,04/23/25,Biman,0,83,255,57617
01/30/25,DAC,SIN,04/24/25,THAI,1,84,390,55574
01/30/25,DAC,SIN,04/24/25,Singapore Airlines,0,84,0,56563
01/30/25,DAC,SIN,04/24/25,Biman,0,84,255,59417
01/30/25,DAC,SIN,04/25/25,THAI,1,85,585,55574
01/30/25,DAC,SIN,04/25/25,Biman,0,85,255,57617
01/30/25,DAC,SIN,04/26/25,THAI,1,86,390,55574
01/30/25,DAC,SIN,04/26/25,Biman,0,86,255,57617
01/30/25,DAC,SIN,04/27/25,THAI,1,87,390,55574
01/30/25,DAC,SIN,04/27/25,Biman,0,87,255,57617
01/30/25,DAC,SIN,04/27/25,Singapore Airlines,0,87,0,61722
01/30/25,DAC,SIN,04/28/25,Singapore Airlines,0,88,0,56563
01/30/25,DAC,SIN,04/28/25,Biman,0,88,255,57617
01/30/25,DAC,SIN,04/29/25,THAI,1,89,390,55574
01/30/25,DAC,SIN,04/29/25,Biman,0,89,255,57617
01/30/25,DAC,SIN,04/29/25,Singapore Airlines,0,89,0,61722
01/30/25,DAC,SIN,04/30/25,THAI,1,90,390,55574
01/30/25,DAC,SIN,04/30/25,Biman,0,90,255,59417
